MESSAGE_TYPE	MESSAGE	CLASS	METHOD
DEREFERENCE_NULLABLE	dereferenced expression newlyAddedRequestManagerFragment is @Nullable	com.bumptech.glide.manager.RequestManagerRetriever	verifyOurFragmentWasAddedOrCantBeAdded(android.app.FragmentManager,boolean)
DEREFERENCE_NULLABLE	dereferenced expression newlyAddedSupportRequestManagerFragment is @Nullable	com.bumptech.glide.manager.RequestManagerRetriever	verifyOurSupportFragmentWasAddedOrCantBeAdded(androidx.fragment.app.FragmentManager,boolean)
METHOD_NO_INIT	initializer method does not guarantee @NonNull field current (line 22) is initialized along all control-flow paths (remember to check for exceptions or early returns).	com.bumptech.glide.load.engine.prefill.BitmapPreFiller	null
UNBOX_NULLABLE	unboxing of a @Nullable value	com.bumptech.glide.load.engine.prefill.PreFillQueue	remove()
PASS_NULLABLE	passing @Nullable parameter 'fragment.getParentFragmentUsingHint()' where @NonNull is required	com.bumptech.glide.manager.SupportRequestManagerFragment	getDescendantRequestManagerFragments()
METHOD_NO_INIT	initializer method does not guarantee @NonNull field name (line 450) is initialized along all control-flow paths (remember to check for exceptions or early returns).	com.bumptech.glide.load.engine.executor.GlideExecutor	null
FIELD_NO_INIT	@NonNull field request not initialized	com.bumptech.glide.request.target.BaseTarget	null
ASSIGN_FIELD_NULLABLE	assigning @Nullable expression to @NonNull field	com.bumptech.glide.request.target.BaseTarget	setRequest(com.bumptech.glide.request.Request)
RETURN_NULLABLE	returning @Nullable expression from method with @NonNull return type	com.bumptech.glide.load.engine.Jobs	get(com.bumptech.glide.load.Key,boolean)
METHOD_NO_INIT	initializer method does not guarantee @NonNull fields glideContext (line 53), signature (line 54), priority (line 55), loadKey (line 56), diskCacheStrategy (line 59), options (line 60), callback (line 61), stage (line 63), runReason (line 64), model (line 67), currentThread (line 69), currentSourceKey (line 70), currentAttemptingKey (line 71), currentData (line 72), currentDataSource (line 73), currentFetcher (line 74), currentGenerator (line 76) are initialized along all control-flow paths (remember to check for exceptions or early returns).	com.bumptech.glide.load.engine.DecodeJob	null
ASSIGN_FIELD_NULLABLE	assigning @Nullable expression to @NonNull field	com.bumptech.glide.load.engine.DecodeJob	releaseInternal()
ASSIGN_FIELD_NULLABLE	assigning @Nullable expression to @NonNull field	com.bumptech.glide.load.engine.DecodeJob	releaseInternal()
ASSIGN_FIELD_NULLABLE	assigning @Nullable expression to @NonNull field	com.bumptech.glide.load.engine.DecodeJob	releaseInternal()
ASSIGN_FIELD_NULLABLE	assigning @Nullable expression to @NonNull field	com.bumptech.glide.load.engine.DecodeJob	releaseInternal()
ASSIGN_FIELD_NULLABLE	assigning @Nullable expression to @NonNull field	com.bumptech.glide.load.engine.DecodeJob	releaseInternal()
ASSIGN_FIELD_NULLABLE	assigning @Nullable expression to @NonNull field	com.bumptech.glide.load.engine.DecodeJob	releaseInternal()
ASSIGN_FIELD_NULLABLE	assigning @Nullable expression to @NonNull field	com.bumptech.glide.load.engine.DecodeJob	releaseInternal()
ASSIGN_FIELD_NULLABLE	assigning @Nullable expression to @NonNull field	com.bumptech.glide.load.engine.DecodeJob	releaseInternal()
ASSIGN_FIELD_NULLABLE	assigning @Nullable expression to @NonNull field	com.bumptech.glide.load.engine.DecodeJob	releaseInternal()
ASSIGN_FIELD_NULLABLE	assigning @Nullable expression to @NonNull field	com.bumptech.glide.load.engine.DecodeJob	releaseInternal()
ASSIGN_FIELD_NULLABLE	assigning @Nullable expression to @NonNull field	com.bumptech.glide.load.engine.DecodeJob	releaseInternal()
ASSIGN_FIELD_NULLABLE	assigning @Nullable expression to @NonNull field	com.bumptech.glide.load.engine.DecodeJob	releaseInternal()
ASSIGN_FIELD_NULLABLE	assigning @Nullable expression to @NonNull field	com.bumptech.glide.load.engine.DecodeJob	releaseInternal()
ASSIGN_FIELD_NULLABLE	assigning @Nullable expression to @NonNull field	com.bumptech.glide.load.engine.DecodeJob	releaseInternal()
RETURN_NULLABLE	returning @Nullable expression from method with @NonNull return type	com.bumptech.glide.load.engine.DecodeJob	getNextGenerator()
WRONG_OVERRIDE_PARAM	parameter data is @NonNull, but parameter in superclass method com.bumptech.glide.load.engine.DataFetcherGenerator.FetcherReadyCallback.onDataFetcherReady(com.bumptech.glide.load.Key,java.lang.Object,com.bumptech.glide.load.data.DataFetcher<?>,com.bumptech.glide.load.DataSource,com.bumptech.glide.load.Key) is @Nullable	com.bumptech.glide.load.engine.DecodeJob	onDataFetcherReady(com.bumptech.glide.load.Key,java.lang.Object,com.bumptech.glide.load.data.DataFetcher<?>,com.bumptech.glide.load.DataSource,com.bumptech.glide.load.Key)
RETURN_NULLABLE	returning @Nullable expression from method with @NonNull return type	com.bumptech.glide.load.engine.DecodeJob	<Data>decodeFromData(com.bumptech.glide.load.data.DataFetcher<?>,Data,com.bumptech.glide.load.DataSource)
PASS_NULLABLE	passing @Nullable parameter 'null' where @NonNull is required	com.bumptech.glide.load.engine.DecodeJob	logWithTimeAndKey(java.lang.String,long)
PASS_NULLABLE	passing @Nullable parameter 'appliedTransformation' where @NonNull is required	com.bumptech.glide.load.engine.DecodeJob	<Z>onResourceDecoded(com.bumptech.glide.load.DataSource,com.bumptech.glide.load.engine.Resource<Z>)
METHOD_NO_INIT	initializer method does not guarantee @NonNull fields key (line 684), encoder (line 685), toEncode (line 686) are initialized along all control-flow paths (remember to check for exceptions or early returns).	com.bumptech.glide.load.engine.DecodeJob	null
ASSIGN_FIELD_NULLABLE	assigning @Nullable expression to @NonNull field	com.bumptech.glide.load.engine.DecodeJob.DeferredEncodeManager	clear()
ASSIGN_FIELD_NULLABLE	assigning @Nullable expression to @NonNull field	com.bumptech.glide.load.engine.DecodeJob.DeferredEncodeManager	clear()
ASSIGN_FIELD_NULLABLE	assigning @Nullable expression to @NonNull field	com.bumptech.glide.load.engine.DecodeJob.DeferredEncodeManager	clear()
METHOD_NO_INIT	initializer method does not guarantee @NonNull field listener (line 26) is initialized along all control-flow paths (remember to check for exceptions or early returns).	com.bumptech.glide.load.engine.ActiveResources	null
METHOD_NO_INIT	initializer method does not guarantee @NonNull fields key (line 45), resource (line 50), dataSource (line 52), exception (line 58), engineResource (line 64), decodeJob (line 68) are initialized along all control-flow paths (remember to check for exceptions or early returns).	com.bumptech.glide.load.engine.EngineJob	null
ASSIGN_FIELD_NULLABLE	assigning @Nullable expression to @NonNull field	com.bumptech.glide.load.engine.EngineJob	release()
ASSIGN_FIELD_NULLABLE	assigning @Nullable expression to @NonNull field	com.bumptech.glide.load.engine.EngineJob	release()
ASSIGN_FIELD_NULLABLE	assigning @Nullable expression to @NonNull field	com.bumptech.glide.load.engine.EngineJob	release()
ASSIGN_FIELD_NULLABLE	assigning @Nullable expression to @NonNull field	com.bumptech.glide.load.engine.EngineJob	release()
ASSIGN_FIELD_NULLABLE	assigning @Nullable expression to @NonNull field	com.bumptech.glide.load.engine.EngineJob	release()
ASSIGN_FIELD_NULLABLE	assigning @Nullable expression to @NonNull field	com.bumptech.glide.load.engine.EngineJob	release()
PASS_NULLABLE	passing @Nullable parameter 'null' where @NonNull is required	com.bumptech.glide.load.engine.EngineJob	notifyCallbacksOfException()
METHOD_NO_INIT	initializer method does not guarantee @NonNull field recycledAtStackTraceException (line 52) is initialized along all control-flow paths (remember to check for exceptions or early returns).	com.bumptech.glide.util.pool.StateVerifier	null
ASSIGN_FIELD_NULLABLE	assigning @Nullable expression to @NonNull field	com.bumptech.glide.util.pool.StateVerifier.DebugStateVerifier	setRecycled(boolean)
FIELD_NO_INIT	@NonNull field glideContext not initialized	com.bumptech.glide.load.engine.DecodeHelper	null
FIELD_NO_INIT	@NonNull field model not initialized	com.bumptech.glide.load.engine.DecodeHelper	null
FIELD_NO_INIT	@NonNull field resourceClass not initialized	com.bumptech.glide.load.engine.DecodeHelper	null
FIELD_NO_INIT	@NonNull field diskCacheProvider not initialized	com.bumptech.glide.load.engine.DecodeHelper	null
FIELD_NO_INIT	@NonNull field options not initialized	com.bumptech.glide.load.engine.DecodeHelper	null
FIELD_NO_INIT	@NonNull field transformations not initialized	com.bumptech.glide.load.engine.DecodeHelper	null
FIELD_NO_INIT	@NonNull field transcodeClass not initialized	com.bumptech.glide.load.engine.DecodeHelper	null
FIELD_NO_INIT	@NonNull field signature not initialized	com.bumptech.glide.load.engine.DecodeHelper	null
FIELD_NO_INIT	@NonNull field priority not initialized	com.bumptech.glide.load.engine.DecodeHelper	null
FIELD_NO_INIT	@NonNull field diskCacheStrategy not initialized	com.bumptech.glide.load.engine.DecodeHelper	null
ASSIGN_FIELD_NULLABLE	assigning @Nullable expression to @NonNull field	com.bumptech.glide.load.engine.DecodeHelper	clear()
ASSIGN_FIELD_NULLABLE	assigning @Nullable expression to @NonNull field	com.bumptech.glide.load.engine.DecodeHelper	clear()
ASSIGN_FIELD_NULLABLE	assigning @Nullable expression to @NonNull field	com.bumptech.glide.load.engine.DecodeHelper	clear()
ASSIGN_FIELD_NULLABLE	assigning @Nullable expression to @NonNull field	com.bumptech.glide.load.engine.DecodeHelper	clear()
ASSIGN_FIELD_NULLABLE	assigning @Nullable expression to @NonNull field	com.bumptech.glide.load.engine.DecodeHelper	clear()
ASSIGN_FIELD_NULLABLE	assigning @Nullable expression to @NonNull field	com.bumptech.glide.load.engine.DecodeHelper	clear()
ASSIGN_FIELD_NULLABLE	assigning @Nullable expression to @NonNull field	com.bumptech.glide.load.engine.DecodeHelper	clear()
ASSIGN_FIELD_NULLABLE	assigning @Nullable expression to @NonNull field	com.bumptech.glide.load.engine.DecodeHelper	clear()
ASSIGN_FIELD_NULLABLE	assigning @Nullable expression to @NonNull field	com.bumptech.glide.load.engine.DecodeHelper	clear()
RETURN_NULLABLE	returning @Nullable expression from method with @NonNull return type	com.bumptech.glide.load.engine.DecodeHelper	<Data>getLoadPath(java.lang.Class<Data>)
METHOD_NO_INIT	initializer method does not guarantee @NonNull field toWrap (line 28) is initialized along all control-flow paths (remember to check for exceptions or early returns).	com.bumptech.glide.load.engine.LockedResource	null
ASSIGN_FIELD_NULLABLE	assigning @Nullable expression to @NonNull field	com.bumptech.glide.load.engine.LockedResource	release()
RETURN_NULLABLE	returning @Nullable expression from method with @NonNull return type	com.bumptech.glide.load.resource.gif.GifFrameResourceDecoder	decode(com.bumptech.glide.gifdecoder.GifDecoder,int,int,com.bumptech.glide.load.Options)
UNBOX_NULLABLE	unboxing of a @Nullable value	com.bumptech.glide.load.resource.gif.ByteBufferGifDecoder	handles(java.nio.ByteBuffer,com.bumptech.glide.load.Options)
RETURN_NULLABLE	returning @Nullable expression from method with @NonNull return type	com.bumptech.glide.load.resource.gif.ByteBufferGifDecoder	decode(java.nio.ByteBuffer,int,int,com.bumptech.glide.load.Options)
UNBOX_NULLABLE	unboxing of a @Nullable value	com.bumptech.glide.load.resource.gif.StreamGifDecoder	handles(java.io.InputStream,com.bumptech.glide.load.Options)
RETURN_NULLABLE	returning @Nullable expression from method with @NonNull return type	com.bumptech.glide.load.resource.gif.StreamGifDecoder	decode(java.io.InputStream,int,int,com.bumptech.glide.load.Options)
RETURN_NULLABLE	returning @Nullable expression from method with @NonNull return type	com.bumptech.glide.load.resource.gif.StreamGifDecoder	decode(java.io.InputStream,int,int,com.bumptech.glide.load.Options)
RETURN_NULLABLE	returning @Nullable expression from method with @NonNull return type	com.bumptech.glide.load.resource.gif.StreamGifDecoder	inputStreamToBytes(java.io.InputStream)
METHOD_NO_INIT	initializer method does not guarantee @NonNull field resourceTransition (line 21) is initialized along all control-flow paths (remember to check for exceptions or early returns).	com.bumptech.glide.request.transition.DrawableCrossFadeFactory	null
RETURN_NULLABLE	returning @Nullable expression from method with @NonNull return type	com.bumptech.glide.load.resource.bitmap.BitmapTransformation	transform(android.content.Context,com.bumptech.glide.load.engine.Resource<android.graphics.Bitmap>,int,int)
UNBOX_NULLABLE	unboxing of a @Nullable value	com.bumptech.glide.load.resource.bitmap.BitmapEncoder	encode(com.bumptech.glide.load.engine.Resource<android.graphics.Bitmap>,java.io.File,com.bumptech.glide.load.Options)
RETURN_NULLABLE	returning @Nullable expression from method with @NonNull return type	com.bumptech.glide.load.resource.bitmap.LazyBitmapDrawableResource	obtain(android.content.Context,android.graphics.Bitmap)
RETURN_NULLABLE	returning @Nullable expression from method with @NonNull return type	com.bumptech.glide.load.resource.bitmap.LazyBitmapDrawableResource	obtain(android.content.res.Resources,com.bumptech.glide.load.engine.bitmap_recycle.BitmapPool,android.graphics.Bitmap)
UNBOX_NULLABLE	unboxing of a @Nullable value	com.bumptech.glide.load.resource.bitmap.VideoDecoder	decode(T,int,int,com.bumptech.glide.load.Options)
RETURN_NULLABLE	returning @Nullable expression from method with @NonNull return type	com.bumptech.glide.load.resource.bitmap.VideoDecoder	decode(T,int,int,com.bumptech.glide.load.Options)
UNBOX_NULLABLE	unboxing of a @Nullable value	com.bumptech.glide.load.resource.bitmap.Downsampler	decode(com.bumptech.glide.load.resource.bitmap.ImageReader,int,int,com.bumptech.glide.load.Options,com.bumptech.glide.load.resource.bitmap.Downsampler.DecodeCallbacks)
UNBOX_NULLABLE	unboxing of a @Nullable value	com.bumptech.glide.load.resource.bitmap.Downsampler	decode(com.bumptech.glide.load.resource.bitmap.ImageReader,int,int,com.bumptech.glide.load.Options,com.bumptech.glide.load.resource.bitmap.Downsampler.DecodeCallbacks)
PASS_NULLABLE	passing @Nullable parameter 'downsampleStrategy' where @NonNull is required	com.bumptech.glide.load.resource.bitmap.Downsampler	decode(com.bumptech.glide.load.resource.bitmap.ImageReader,int,int,com.bumptech.glide.load.Options,com.bumptech.glide.load.resource.bitmap.Downsampler.DecodeCallbacks)
PASS_NULLABLE	passing @Nullable parameter 'decodeFormat' where @NonNull is required	com.bumptech.glide.load.resource.bitmap.Downsampler	decode(com.bumptech.glide.load.resource.bitmap.ImageReader,int,int,com.bumptech.glide.load.Options,com.bumptech.glide.load.resource.bitmap.Downsampler.DecodeCallbacks)
PASS_NULLABLE	passing @Nullable parameter 'preferredColorSpace' where @NonNull is required	com.bumptech.glide.load.resource.bitmap.Downsampler	decode(com.bumptech.glide.load.resource.bitmap.ImageReader,int,int,com.bumptech.glide.load.Options,com.bumptech.glide.load.resource.bitmap.Downsampler.DecodeCallbacks)
RETURN_NULLABLE	returning @Nullable expression from method with @NonNull return type	com.bumptech.glide.load.resource.bitmap.Downsampler	decode(com.bumptech.glide.load.resource.bitmap.ImageReader,int,int,com.bumptech.glide.load.Options,com.bumptech.glide.load.resource.bitmap.Downsampler.DecodeCallbacks)
RETURN_NULLABLE	returning @Nullable expression from method with @NonNull return type	com.bumptech.glide.load.resource.bitmap.Downsampler	decodeFromWrappedStreams(com.bumptech.glide.load.resource.bitmap.ImageReader,android.graphics.BitmapFactory.Options,com.bumptech.glide.load.resource.bitmap.DownsampleStrategy,com.bumptech.glide.load.DecodeFormat,com.bumptech.glide.load.PreferredColorSpace,boolean,int,int,boolean,com.bumptech.glide.load.resource.bitmap.Downsampler.DecodeCallbacks)
ASSIGN_FIELD_NULLABLE	assigning @Nullable expression to @NonNull field	com.bumptech.glide.load.resource.bitmap.Downsampler	decodeStream(com.bumptech.glide.load.resource.bitmap.ImageReader,android.graphics.BitmapFactory.Options,com.bumptech.glide.load.resource.bitmap.Downsampler.DecodeCallbacks,com.bumptech.glide.load.engine.bitmap_recycle.BitmapPool)
RETURN_NULLABLE	returning @Nullable expression from method with @NonNull return type	com.bumptech.glide.load.resource.bitmap.Downsampler	decodeStream(com.bumptech.glide.load.resource.bitmap.ImageReader,android.graphics.BitmapFactory.Options,com.bumptech.glide.load.resource.bitmap.Downsampler.DecodeCallbacks,com.bumptech.glide.load.engine.bitmap_recycle.BitmapPool)
RETURN_NULLABLE	returning @Nullable expression from method with @NonNull return type	com.bumptech.glide.load.resource.bitmap.Downsampler	getInBitmapString(android.graphics.BitmapFactory.Options)
ASSIGN_FIELD_NULLABLE	assigning @Nullable expression to @NonNull field	com.bumptech.glide.load.resource.bitmap.Downsampler	resetOptions(android.graphics.BitmapFactory.Options)
ASSIGN_FIELD_NULLABLE	assigning @Nullable expression to @NonNull field	com.bumptech.glide.load.resource.bitmap.Downsampler	resetOptions(android.graphics.BitmapFactory.Options)
ASSIGN_FIELD_NULLABLE	assigning @Nullable expression to @NonNull field	com.bumptech.glide.load.resource.bitmap.Downsampler	resetOptions(android.graphics.BitmapFactory.Options)
ASSIGN_FIELD_NULLABLE	assigning @Nullable expression to @NonNull field	com.bumptech.glide.load.resource.bitmap.Downsampler	resetOptions(android.graphics.BitmapFactory.Options)
ASSIGN_FIELD_NULLABLE	assigning @Nullable expression to @NonNull field	com.bumptech.glide.load.resource.bitmap.Downsampler	resetOptions(android.graphics.BitmapFactory.Options)
ASSIGN_FIELD_NULLABLE	assigning @Nullable expression to @NonNull field	com.bumptech.glide.load.resource.bitmap.Downsampler	resetOptions(android.graphics.BitmapFactory.Options)
ASSIGN_FIELD_NULLABLE	assigning @Nullable expression to @NonNull field	com.bumptech.glide.load.resource.bitmap.Downsampler	resetOptions(android.graphics.BitmapFactory.Options)
FIELD_NO_INIT	@NonNull static field instance not initialized	com.bumptech.glide.load.resource.bitmap.HardwareConfigState	null
ASSIGN_FIELD_NULLABLE	assigning @Nullable expression to @NonNull field	com.bumptech.glide.load.resource.bitmap.RecyclableBufferedInputStream	release()
ASSIGN_FIELD_NULLABLE	assigning @Nullable expression to @NonNull field	com.bumptech.glide.load.resource.bitmap.RecyclableBufferedInputStream	close()
ASSIGN_FIELD_NULLABLE	assigning @Nullable expression to @NonNull field	com.bumptech.glide.load.resource.bitmap.RecyclableBufferedInputStream	close()
METHOD_NO_INIT	initializer method does not guarantee @NonNull fields wrapped (line 29), exception (line 30) are initialized along all control-flow paths (remember to check for exceptions or early returns).	com.bumptech.glide.util.ExceptionPassthroughInputStream	null
ASSIGN_FIELD_NULLABLE	assigning @Nullable expression to @NonNull field	com.bumptech.glide.util.ExceptionPassthroughInputStream	release()
ASSIGN_FIELD_NULLABLE	assigning @Nullable expression to @NonNull field	com.bumptech.glide.util.ExceptionPassthroughInputStream	release()
RETURN_NULLABLE	returning @Nullable expression from method with @NonNull return type	com.bumptech.glide.load.resource.bitmap.DrawableTransformation	newDrawableResource(android.content.Context,com.bumptech.glide.load.engine.Resource<android.graphics.Bitmap>)
RETURN_NULLABLE	returning @Nullable expression from method with @NonNull return type	com.bumptech.glide.load.resource.bitmap.BitmapDrawableDecoder	decode(DataType,int,int,com.bumptech.glide.load.Options)
ASSIGN_FIELD_NULLABLE	assigning @Nullable expression to @NonNull field	com.bumptech.glide.load.resource.DefaultOnHeaderDecodedListener	DefaultOnHeaderDecodedListener(int,int,com.bumptech.glide.load.Options)
ASSIGN_FIELD_NULLABLE	assigning @Nullable expression to @NonNull field	com.bumptech.glide.load.resource.DefaultOnHeaderDecodedListener	DefaultOnHeaderDecodedListener(int,int,com.bumptech.glide.load.Options)
UNBOX_NULLABLE	unboxing of a @Nullable value	com.bumptech.glide.load.resource.DefaultOnHeaderDecodedListener	DefaultOnHeaderDecodedListener(int,int,com.bumptech.glide.load.Options)
ASSIGN_FIELD_NULLABLE	assigning @Nullable expression to @NonNull field	com.bumptech.glide.load.resource.DefaultOnHeaderDecodedListener	DefaultOnHeaderDecodedListener(int,int,com.bumptech.glide.load.Options)
PASS_NULLABLE	passing @Nullable parameter 'BitmapResource.obtain(((BitmapDrawable) drawable).getBitmap(), bitmapPool)' where @NonNull is required	com.bumptech.glide.load.resource.transcode.DrawableBytesTranscoder	transcode(com.bumptech.glide.load.engine.Resource<android.graphics.drawable.Drawable>,com.bumptech.glide.load.Options)
METHOD_NO_INIT	initializer method does not guarantee @NonNull fields sourceKey (line 24), modelLoaders (line 25), loadData (line 27), cacheFile (line 30) are initialized along all control-flow paths (remember to check for exceptions or early returns).	com.bumptech.glide.load.engine.DataCacheGenerator	null
ASSIGN_FIELD_NULLABLE	assigning @Nullable expression to @NonNull field	com.bumptech.glide.load.engine.DataCacheGenerator	startNext()
ASSIGN_FIELD_NULLABLE	assigning @Nullable expression to @NonNull field	com.bumptech.glide.load.engine.DataCacheGenerator	startNext()
ASSIGN_FIELD_NULLABLE	assigning @Nullable expression to @NonNull field	com.bumptech.glide.load.engine.DataCacheGenerator	startNext()
WRONG_OVERRIDE_PARAM	parameter data is @NonNull, but parameter in superclass method com.bumptech.glide.load.data.DataFetcher.DataCallback.onDataReady(T) is @Nullable	com.bumptech.glide.load.engine.DataCacheGenerator	onDataReady(java.lang.Object)
RETURN_NULLABLE	returning @Nullable expression from method with @NonNull return type	com.bumptech.glide.load.engine.cache.DiskLruCacheFactory	build()
RETURN_NULLABLE	returning @Nullable expression from method with @NonNull return type	com.bumptech.glide.load.engine.cache.DiskLruCacheFactory	build()
RETURN_NULLABLE	returning @Nullable expression from method with @NonNull return type	<anonymous com.bumptech.glide.load.engine.cache.ExternalPreferredCacheDiskCacheFactory$1>	getCacheDirectory()
RETURN_NULLABLE	returning @Nullable expression from method with @NonNull return type	<anonymous com.bumptech.glide.load.engine.cache.ExternalCacheDiskCacheFactory$1>	getCacheDirectory()
METHOD_NO_INIT	initializer method does not guarantee @NonNull field listener (line 12) is initialized along all control-flow paths (remember to check for exceptions or early returns).	com.bumptech.glide.load.engine.cache.LruResourceCache	null
RETURN_NULLABLE	returning @Nullable expression from method with @NonNull return type	com.bumptech.glide.load.engine.cache.DiskCacheAdapter	get(com.bumptech.glide.load.Key)
RETURN_NULLABLE	returning @Nullable expression from method with @NonNull return type	<anonymous com.bumptech.glide.load.engine.cache.InternalCacheDiskCacheFactory$1>	getCacheDirectory()
METHOD_NO_INIT	initializer method does not guarantee @NonNull field diskLruCache (line 31) is initialized along all control-flow paths (remember to check for exceptions or early returns).	com.bumptech.glide.load.engine.cache.DiskLruCacheWrapper	null
FIELD_NO_INIT	@NonNull static field wrapper not initialized	com.bumptech.glide.load.engine.cache.DiskLruCacheWrapper	null
RETURN_NULLABLE	returning @Nullable expression from method with @NonNull return type	com.bumptech.glide.load.engine.cache.DiskLruCacheWrapper	get(com.bumptech.glide.load.Key)
ASSIGN_FIELD_NULLABLE	assigning @Nullable expression to @NonNull field	com.bumptech.glide.load.engine.cache.DiskLruCacheWrapper	resetDiskCache()
FIELD_NO_INIT	@NonNull field listener not initialized	com.bumptech.glide.load.engine.cache.MemoryCacheAdapter	null
METHOD_NO_INIT	initializer method does not guarantee @NonNull fields sourceCacheGenerator (line 38), dataToCache (line 39), loadData (line 40), originalKey (line 41) are initialized along all control-flow paths (remember to check for exceptions or early returns).	com.bumptech.glide.load.engine.SourceGenerator	null
ASSIGN_FIELD_NULLABLE	assigning @Nullable expression to @NonNull field	com.bumptech.glide.load.engine.SourceGenerator	startNext()
ASSIGN_FIELD_NULLABLE	assigning @Nullable expression to @NonNull field	com.bumptech.glide.load.engine.SourceGenerator	startNext()
ASSIGN_FIELD_NULLABLE	assigning @Nullable expression to @NonNull field	com.bumptech.glide.load.engine.SourceGenerator	startNext()
PASS_NULLABLE	passing @Nullable parameter 'data' where @NonNull is required	<anonymous com.bumptech.glide.load.engine.SourceGenerator$1>	onDataReady(java.lang.Object)
WRONG_OVERRIDE_PARAM	parameter data is @NonNull, but parameter in superclass method com.bumptech.glide.load.engine.DataFetcherGenerator.FetcherReadyCallback.onDataFetcherReady(com.bumptech.glide.load.Key,java.lang.Object,com.bumptech.glide.load.data.DataFetcher<?>,com.bumptech.glide.load.DataSource,com.bumptech.glide.load.Key) is @Nullable	com.bumptech.glide.load.engine.SourceGenerator	onDataFetcherReady(com.bumptech.glide.load.Key,java.lang.Object,com.bumptech.glide.load.data.DataFetcher<?>,com.bumptech.glide.load.DataSource,com.bumptech.glide.load.Key)
METHOD_NO_INIT	initializer method does not guarantee @NonNull fields sourceKey (line 25), modelLoaders (line 26), loadData (line 28), cacheFile (line 31), currentKey (line 34) are initialized along all control-flow paths (remember to check for exceptions or early returns).	com.bumptech.glide.load.engine.ResourceCacheGenerator	null
ASSIGN_FIELD_NULLABLE	assigning @Nullable expression to @NonNull field	com.bumptech.glide.load.engine.ResourceCacheGenerator	startNext()
ASSIGN_FIELD_NULLABLE	assigning @Nullable expression to @NonNull field	com.bumptech.glide.load.engine.ResourceCacheGenerator	startNext()
ASSIGN_FIELD_NULLABLE	assigning @Nullable expression to @NonNull field	com.bumptech.glide.load.engine.ResourceCacheGenerator	startNext()
WRONG_OVERRIDE_PARAM	parameter data is @NonNull, but parameter in superclass method com.bumptech.glide.load.data.DataFetcher.DataCallback.onDataReady(T) is @Nullable	com.bumptech.glide.load.engine.ResourceCacheGenerator	onDataReady(java.lang.Object)
RETURN_NULLABLE	returning @Nullable expression from method with @NonNull return type	com.bumptech.glide.load.engine.bitmap_recycle.AttributeStrategy	get(int,int,android.graphics.Bitmap.Config)
RETURN_NULLABLE	returning @Nullable expression from method with @NonNull return type	com.bumptech.glide.load.engine.bitmap_recycle.AttributeStrategy	removeLast()
METHOD_NO_INIT	initializer method does not guarantee @NonNull field config (line 85) is initialized along all control-flow paths (remember to check for exceptions or early returns).	com.bumptech.glide.load.engine.bitmap_recycle.AttributeStrategy	null
METHOD_NO_INIT	initializer method does not guarantee @NonNull field values (line 124) is initialized along all control-flow paths (remember to check for exceptions or early returns).	com.bumptech.glide.load.engine.bitmap_recycle.GroupedLinkedMap	null
PASS_NULLABLE	passing @Nullable parameter 'null' where @NonNull is required	com.bumptech.glide.load.engine.bitmap_recycle.GroupedLinkedMap.LinkedEntry	LinkedEntry()
PASS_NULLABLE	passing @Nullable parameter 'config' where @NonNull is required	com.bumptech.glide.load.engine.bitmap_recycle.LruBitmapPool	getDirtyOrNull(int,int,android.graphics.Bitmap.Config)
PASS_NULLABLE	passing @Nullable parameter 'config' where @NonNull is required	com.bumptech.glide.load.engine.bitmap_recycle.LruBitmapPool	getDirtyOrNull(int,int,android.graphics.Bitmap.Config)
PASS_NULLABLE	passing @Nullable parameter 'config' where @NonNull is required	com.bumptech.glide.load.engine.bitmap_recycle.LruBitmapPool	getDirtyOrNull(int,int,android.graphics.Bitmap.Config)
UNBOX_NULLABLE	unboxing of a @Nullable value	com.bumptech.glide.load.engine.bitmap_recycle.SizeStrategy	decrementBitmapOfSize(java.lang.Integer)
METHOD_NO_INIT	initializer method does not guarantee @NonNull field config (line 201) is initialized along all control-flow paths (remember to check for exceptions or early returns).	com.bumptech.glide.load.engine.bitmap_recycle.SizeConfigStrategy	null
PASS_NULLABLE	passing @Nullable parameter 'evicted' where @NonNull is required	com.bumptech.glide.load.engine.bitmap_recycle.LruArrayPool	evictToSize(int)
PASS_NULLABLE	passing @Nullable parameter 'evicted' where @NonNull is required	com.bumptech.glide.load.engine.bitmap_recycle.LruArrayPool	evictToSize(int)
PASS_NULLABLE	passing @Nullable parameter 'evicted' where @NonNull is required	com.bumptech.glide.load.engine.bitmap_recycle.LruArrayPool	evictToSize(int)
DEREFERENCE_NULLABLE	dereferenced expression evicted is @Nullable	com.bumptech.glide.load.engine.bitmap_recycle.LruArrayPool	evictToSize(int)
METHOD_NO_INIT	initializer method does not guarantee @NonNull field arrayClass (line 241) is initialized along all control-flow paths (remember to check for exceptions or early returns).	com.bumptech.glide.load.engine.bitmap_recycle.LruArrayPool	null
METHOD_NO_INIT	initializer method does not guarantee @NonNull field data (line 23) is initialized along all control-flow paths (remember to check for exceptions or early returns).	com.bumptech.glide.load.data.LocalUriFetcher	null
METHOD_NO_INIT	initializer method does not guarantee @NonNull field data (line 20) is initialized along all control-flow paths (remember to check for exceptions or early returns).	com.bumptech.glide.load.data.AssetPathFetcher	null
METHOD_NO_INIT	initializer method does not guarantee @NonNull fields urlConnection (line 38), stream (line 39) are initialized along all control-flow paths (remember to check for exceptions or early returns).	com.bumptech.glide.load.data.HttpUrlFetcher	null
PASS_NULLABLE	passing @Nullable parameter 'null' where @NonNull is required	com.bumptech.glide.load.data.HttpUrlFetcher	loadData(com.bumptech.glide.Priority,com.bumptech.glide.load.data.DataFetcher.DataCallback<? super java.io.InputStream>)
RETURN_NULLABLE	returning @Nullable expression from method with @NonNull return type	com.bumptech.glide.load.data.HttpUrlFetcher	loadDataWithRedirects(java.net.URL,int,java.net.URL,java.util.Map<java.lang.String,java.lang.String>)
ASSIGN_FIELD_NULLABLE	assigning @Nullable expression to @NonNull field	com.bumptech.glide.load.data.HttpUrlFetcher	cleanup()
RETURN_NULLABLE	returning @Nullable expression from method with @NonNull return type	com.bumptech.glide.load.data.mediastore.ThumbnailStreamOpener	open(android.net.Uri)
RETURN_NULLABLE	returning @Nullable expression from method with @NonNull return type	com.bumptech.glide.load.data.mediastore.ThumbnailStreamOpener	open(android.net.Uri)
METHOD_NO_INIT	initializer method does not guarantee @NonNull field inputStream (line 30) is initialized along all control-flow paths (remember to check for exceptions or early returns).	com.bumptech.glide.load.data.mediastore.ThumbFetcher	null
ASSIGN_FIELD_NULLABLE	assigning @Nullable expression to @NonNull field	com.bumptech.glide.load.data.BufferedOutputStream	release()
ASSIGN_FIELD_NULLABLE	assigning @Nullable expression to @NonNull field	com.bumptech.glide.util.pool.GlideTrace	null
METHOD_NO_INIT	initializer method does not guarantee @NonNull fields size (line 21), viewTarget (line 25) are initialized along all control-flow paths (remember to check for exceptions or early returns).	com.bumptech.glide.util.ViewPreloadSizeProvider	null
METHOD_NO_INIT	initializer method does not guarantee @NonNull field size (line 21) is initialized along all control-flow paths (remember to check for exceptions or early returns).	com.bumptech.glide.util.ViewPreloadSizeProvider	null
ASSIGN_FIELD_NULLABLE	assigning @Nullable expression to @NonNull field	com.bumptech.glide.util.ViewPreloadSizeProvider	onSizeReady(int,int)
METHOD_NO_INIT	initializer method does not guarantee @NonNull fields wrapped (line 26), exception (line 27) are initialized along all control-flow paths (remember to check for exceptions or early returns).	com.bumptech.glide.util.ExceptionCatchingInputStream	null
ASSIGN_FIELD_NULLABLE	assigning @Nullable expression to @NonNull field	com.bumptech.glide.util.ExceptionCatchingInputStream	release()
ASSIGN_FIELD_NULLABLE	assigning @Nullable expression to @NonNull field	com.bumptech.glide.util.ExceptionCatchingInputStream	release()
FIELD_NO_INIT	@NonNull static field instance not initialized	com.bumptech.glide.manager.SingletonConnectivityReceiver	null
ASSIGN_FIELD_NULLABLE	assigning @Nullable expression to @NonNull field	com.bumptech.glide.manager.SingletonConnectivityReceiver	reset()
METHOD_NO_INIT	initializer method does not guarantee @NonNull fields primary (line 15), error (line 16) are initialized along all control-flow paths (remember to check for exceptions or early returns).	com.bumptech.glide.request.ErrorRequestCoordinator	null
PASS_NULLABLE	passing @Nullable parameter 'placeholder' where @NonNull is required	com.bumptech.glide.request.target.ImageViewTarget	onLoadStarted(android.graphics.drawable.Drawable)
PASS_NULLABLE	passing @Nullable parameter 'errorDrawable' where @NonNull is required	com.bumptech.glide.request.target.ImageViewTarget	onLoadFailed(android.graphics.drawable.Drawable)
PASS_NULLABLE	passing @Nullable parameter 'placeholder' where @NonNull is required	com.bumptech.glide.request.target.ImageViewTarget	onLoadCleared(android.graphics.drawable.Drawable)
WRONG_OVERRIDE_PARAM	parameter resource is @NonNull, but parameter in superclass method com.bumptech.glide.request.target.ImageViewTarget.setResource(Z) is @Nullable	com.bumptech.glide.request.target.BitmapImageViewTarget	setResource(android.graphics.Bitmap)
PASS_NULLABLE	passing @Nullable parameter 'null' where @NonNull is required	com.bumptech.glide.request.target.NotificationTarget	NotificationTarget(android.content.Context,int,android.widget.RemoteViews,android.app.Notification,int)
PASS_NULLABLE	passing @Nullable parameter 'resource' where @NonNull is required	com.bumptech.glide.request.target.ThumbnailImageViewTarget	setResource(T)
ASSIGN_FIELD_NULLABLE	assigning @Nullable expression to @NonNull field	com.bumptech.glide.request.target.AppWidgetTarget	AppWidgetTarget(android.content.Context,int,int,int,android.widget.RemoteViews,int...)
ASSIGN_FIELD_NULLABLE	assigning @Nullable expression to @NonNull field	com.bumptech.glide.request.target.AppWidgetTarget	AppWidgetTarget(android.content.Context,int,int,int,android.widget.RemoteViews,android.content.ComponentName)
METHOD_NO_INIT	initializer method does not guarantee @NonNull field transition (line 15) is initialized along all control-flow paths (remember to check for exceptions or early returns).	com.bumptech.glide.request.transition.ViewAnimationFactory	null
METHOD_NO_INIT	initializer method does not guarantee @NonNull field animation (line 12) is initialized along all control-flow paths (remember to check for exceptions or early returns).	com.bumptech.glide.request.transition.ViewPropertyAnimationFactory	null
METHOD_NO_INIT	initializer method does not guarantee @NonNull fields full (line 14), thumb (line 15) are initialized along all control-flow paths (remember to check for exceptions or early returns).	com.bumptech.glide.request.ThumbnailRequestCoordinator	null
METHOD_NO_INIT	initializer method does not guarantee @NonNull fields resource (line 96), loadStatus (line 99) are initialized along all control-flow paths (remember to check for exceptions or early returns).	com.bumptech.glide.request.SingleRequest	null
ASSIGN_FIELD_NULLABLE	assigning @Nullable expression to @NonNull field	com.bumptech.glide.request.SingleRequest	cancel()
ASSIGN_FIELD_NULLABLE	assigning @Nullable expression to @NonNull field	com.bumptech.glide.request.SingleRequest	clear()
RETURN_NULLABLE	returning @Nullable expression from method with @NonNull return type	com.bumptech.glide.request.SingleRequest	getErrorDrawable()
RETURN_NULLABLE	returning @Nullable expression from method with @NonNull return type	com.bumptech.glide.request.SingleRequest	getPlaceholderDrawable()
RETURN_NULLABLE	returning @Nullable expression from method with @NonNull return type	com.bumptech.glide.request.SingleRequest	getFallbackDrawable()
PASS_NULLABLE	passing @Nullable parameter 'model' where @NonNull is required	com.bumptech.glide.request.SingleRequest	onSizeReady(int,int)
ASSIGN_FIELD_NULLABLE	assigning @Nullable expression to @NonNull field	com.bumptech.glide.request.SingleRequest	onSizeReady(int,int)
ASSIGN_FIELD_NULLABLE	assigning @Nullable expression to @NonNull field	com.bumptech.glide.request.SingleRequest	onResourceReady(com.bumptech.glide.load.engine.Resource<?>,com.bumptech.glide.load.DataSource,boolean)
ASSIGN_FIELD_NULLABLE	assigning @Nullable expression to @NonNull field	com.bumptech.glide.request.SingleRequest	onResourceReady(com.bumptech.glide.load.engine.Resource<?>,com.bumptech.glide.load.DataSource,boolean)
ASSIGN_FIELD_NULLABLE	assigning @Nullable expression to @NonNull field	com.bumptech.glide.request.SingleRequest	onResourceReady(com.bumptech.glide.load.engine.Resource<?>,com.bumptech.glide.load.DataSource,boolean)
PASS_NULLABLE	passing @Nullable parameter 'model' where @NonNull is required	com.bumptech.glide.request.SingleRequest	onResourceReady(com.bumptech.glide.load.engine.Resource<R>,R,com.bumptech.glide.load.DataSource,boolean)
PASS_NULLABLE	passing @Nullable parameter 'model' where @NonNull is required	com.bumptech.glide.request.SingleRequest	onResourceReady(com.bumptech.glide.load.engine.Resource<R>,R,com.bumptech.glide.load.DataSource,boolean)
ASSIGN_FIELD_NULLABLE	assigning @Nullable expression to @NonNull field	com.bumptech.glide.request.SingleRequest	onLoadFailed(com.bumptech.glide.load.engine.GlideException,int)
PASS_NULLABLE	passing @Nullable parameter 'model' where @NonNull is required	com.bumptech.glide.request.SingleRequest	onLoadFailed(com.bumptech.glide.load.engine.GlideException,int)
PASS_NULLABLE	passing @Nullable parameter 'model' where @NonNull is required	com.bumptech.glide.request.SingleRequest	onLoadFailed(com.bumptech.glide.load.engine.GlideException,int)
PASS_NULLABLE	passing @Nullable parameter 'null' where @NonNull is required	com.bumptech.glide.request.RequestFutureTarget	get()
RETURN_NULLABLE	returning @Nullable expression from method with @NonNull return type	com.bumptech.glide.request.RequestFutureTarget	doGet(java.lang.Long)
RETURN_NULLABLE	returning @Nullable expression from method with @NonNull return type	com.bumptech.glide.request.RequestFutureTarget	doGet(java.lang.Long)
