location	class	method	param	index	uri	field
METHOD	com.bumptech.glide.load.resource.gif.GifFrameLoader	setFrameTransformation(com.bumptech.glide.load.Transformation<android.graphics.Bitmap>,android.graphics.Bitmap)	null	null	file:///home/nima/Developer/AutoFixer/Evaluation/Projects/glide/library/src/main/java/com/bumptech/glide/load/resource/gif/GifFrameLoader.java	requestBuilder
METHOD	<anonymous com.bumptech.glide.util.GlideSuppliers$1>	get()	null	null	file:///home/nima/Developer/AutoFixer/Evaluation/Projects/glide/library/src/main/java/com/bumptech/glide/util/GlideSuppliers.java	instance
METHOD	com.bumptech.glide.Glide	setMemoryCategory(com.bumptech.glide.MemoryCategory)	null	null	file:///home/nima/Developer/AutoFixer/Evaluation/Projects/glide/library/src/main/java/com/bumptech/glide/Glide.java	memoryCategory
METHOD	com.bumptech.glide.GlideBuilder	setDefaultRequestOptions(com.bumptech.glide.Glide.RequestOptionsFactory)	null	null	file:///home/nima/Developer/AutoFixer/Evaluation/Projects/glide/library/src/main/java/com/bumptech/glide/GlideBuilder.java	defaultRequestOptionsFactory
METHOD	com.bumptech.glide.TransitionOptions	transition(com.bumptech.glide.request.transition.TransitionFactory<? super TranscodeType>)	null	null	file:///home/nima/Developer/AutoFixer/Evaluation/Projects/glide/library/src/main/java/com/bumptech/glide/TransitionOptions.java	transitionFactory
METHOD	com.bumptech.glide.load.engine.executor.GlideExecutor.Builder	setUncaughtThrowableStrategy(com.bumptech.glide.load.engine.executor.GlideExecutor.UncaughtThrowableStrategy)	null	null	file:///home/nima/Developer/AutoFixer/Evaluation/Projects/glide/library/src/main/java/com/bumptech/glide/load/engine/executor/GlideExecutor.java	uncaughtThrowableStrategy
METHOD	com.bumptech.glide.load.engine.cache.MemorySizeCalculator.Builder	setActivityManager(android.app.ActivityManager)	null	null	file:///home/nima/Developer/AutoFixer/Evaluation/Projects/glide/library/src/main/java/com/bumptech/glide/load/engine/cache/MemorySizeCalculator.java	activityManager
METHOD	com.bumptech.glide.load.engine.cache.MemorySizeCalculator.Builder	setScreenDimensions(com.bumptech.glide.load.engine.cache.MemorySizeCalculator.ScreenDimensions)	null	null	file:///home/nima/Developer/AutoFixer/Evaluation/Projects/glide/library/src/main/java/com/bumptech/glide/load/engine/cache/MemorySizeCalculator.java	screenDimensions
METHOD	com.bumptech.glide.request.ErrorRequestCoordinator	begin()	null	null	file:///home/nima/Developer/AutoFixer/Evaluation/Projects/glide/library/src/main/java/com/bumptech/glide/request/ErrorRequestCoordinator.java	primaryState
METHOD	com.bumptech.glide.request.ErrorRequestCoordinator	clear()	null	null	file:///home/nima/Developer/AutoFixer/Evaluation/Projects/glide/library/src/main/java/com/bumptech/glide/request/ErrorRequestCoordinator.java	primaryState
METHOD	com.bumptech.glide.request.ErrorRequestCoordinator	clear()	null	null	file:///home/nima/Developer/AutoFixer/Evaluation/Projects/glide/library/src/main/java/com/bumptech/glide/request/ErrorRequestCoordinator.java	errorState
METHOD	com.bumptech.glide.request.ErrorRequestCoordinator	pause()	null	null	file:///home/nima/Developer/AutoFixer/Evaluation/Projects/glide/library/src/main/java/com/bumptech/glide/request/ErrorRequestCoordinator.java	primaryState
METHOD	com.bumptech.glide.request.ErrorRequestCoordinator	pause()	null	null	file:///home/nima/Developer/AutoFixer/Evaluation/Projects/glide/library/src/main/java/com/bumptech/glide/request/ErrorRequestCoordinator.java	errorState
METHOD	com.bumptech.glide.request.ErrorRequestCoordinator	onRequestFailed(com.bumptech.glide.request.Request)	null	null	file:///home/nima/Developer/AutoFixer/Evaluation/Projects/glide/library/src/main/java/com/bumptech/glide/request/ErrorRequestCoordinator.java	errorState
METHOD	com.bumptech.glide.request.ErrorRequestCoordinator	onRequestFailed(com.bumptech.glide.request.Request)	null	null	file:///home/nima/Developer/AutoFixer/Evaluation/Projects/glide/library/src/main/java/com/bumptech/glide/request/ErrorRequestCoordinator.java	errorState
METHOD	com.bumptech.glide.request.ThumbnailRequestCoordinator	onRequestSuccess(com.bumptech.glide.request.Request)	null	null	file:///home/nima/Developer/AutoFixer/Evaluation/Projects/glide/library/src/main/java/com/bumptech/glide/request/ThumbnailRequestCoordinator.java	thumbState
METHOD	com.bumptech.glide.request.ThumbnailRequestCoordinator	begin()	null	null	file:///home/nima/Developer/AutoFixer/Evaluation/Projects/glide/library/src/main/java/com/bumptech/glide/request/ThumbnailRequestCoordinator.java	fullState
METHOD	com.bumptech.glide.request.ThumbnailRequestCoordinator	clear()	null	null	file:///home/nima/Developer/AutoFixer/Evaluation/Projects/glide/library/src/main/java/com/bumptech/glide/request/ThumbnailRequestCoordinator.java	fullState
METHOD	com.bumptech.glide.request.ThumbnailRequestCoordinator	clear()	null	null	file:///home/nima/Developer/AutoFixer/Evaluation/Projects/glide/library/src/main/java/com/bumptech/glide/request/ThumbnailRequestCoordinator.java	thumbState
METHOD	com.bumptech.glide.request.ThumbnailRequestCoordinator	pause()	null	null	file:///home/nima/Developer/AutoFixer/Evaluation/Projects/glide/library/src/main/java/com/bumptech/glide/request/ThumbnailRequestCoordinator.java	thumbState
METHOD	com.bumptech.glide.request.ThumbnailRequestCoordinator	pause()	null	null	file:///home/nima/Developer/AutoFixer/Evaluation/Projects/glide/library/src/main/java/com/bumptech/glide/request/ThumbnailRequestCoordinator.java	fullState
METHOD	com.bumptech.glide.request.SingleRequest	clear()	null	null	file:///home/nima/Developer/AutoFixer/Evaluation/Projects/glide/library/src/main/java/com/bumptech/glide/request/SingleRequest.java	status
METHOD	com.bumptech.glide.request.SingleRequest	onSizeReady(int,int)	null	null	file:///home/nima/Developer/AutoFixer/Evaluation/Projects/glide/library/src/main/java/com/bumptech/glide/request/SingleRequest.java	status
METHOD	com.bumptech.glide.request.SingleRequest	onResourceReady(com.bumptech.glide.load.engine.Resource<R>,R,com.bumptech.glide.load.DataSource,boolean)	null	null	file:///home/nima/Developer/AutoFixer/Evaluation/Projects/glide/library/src/main/java/com/bumptech/glide/request/SingleRequest.java	status
METHOD	com.bumptech.glide.request.SingleRequest	onLoadFailed(com.bumptech.glide.load.engine.GlideException,int)	null	null	file:///home/nima/Developer/AutoFixer/Evaluation/Projects/glide/library/src/main/java/com/bumptech/glide/request/SingleRequest.java	status
