location	class	method	param	index	uri	field
METHOD	com.bumptech.glide.load.model.MultiModelLoader.MultiFetcher	loadData(com.bumptech.glide.Priority,com.bumptech.glide.load.data.DataFetcher.DataCallback<? super Data>)	null	null	file:///home/nima/Developer/AutoFixer/Evaluation/Projects/glide/library/src/main/java/com/bumptech/glide/load/model/MultiModelLoader.java	priority
METHOD	com.bumptech.glide.load.model.MultiModelLoader.MultiFetcher	loadData(com.bumptech.glide.Priority,com.bumptech.glide.load.data.DataFetcher.DataCallback<? super Data>)	null	null	file:///home/nima/Developer/AutoFixer/Evaluation/Projects/glide/library/src/main/java/com/bumptech/glide/load/model/MultiModelLoader.java	callback
METHOD	com.bumptech.glide.util.MultiClassKey	set(java.lang.Class<?>,java.lang.Class<?>,java.lang.Class<?>)	null	null	file:///home/nima/Developer/AutoFixer/Evaluation/Projects/glide/library/src/main/java/com/bumptech/glide/util/MultiClassKey.java	first
METHOD	com.bumptech.glide.util.MultiClassKey	set(java.lang.Class<?>,java.lang.Class<?>,java.lang.Class<?>)	null	null	file:///home/nima/Developer/AutoFixer/Evaluation/Projects/glide/library/src/main/java/com/bumptech/glide/util/MultiClassKey.java	second
METHOD	com.bumptech.glide.load.model.ModelCache.ModelKey	init(A,int,int)	null	null	file:///home/nima/Developer/AutoFixer/Evaluation/Projects/glide/library/src/main/java/com/bumptech/glide/load/model/ModelCache.java	model
METHOD	com.bumptech.glide.load.resource.gif.GifFrameLoader	setFrameTransformation(com.bumptech.glide.load.Transformation<android.graphics.Bitmap>,android.graphics.Bitmap)	null	null	file:///home/nima/Developer/AutoFixer/Evaluation/Projects/glide/library/src/main/java/com/bumptech/glide/load/resource/gif/GifFrameLoader.java	transformation
METHOD	com.bumptech.glide.load.resource.gif.GifFrameLoader	setFrameTransformation(com.bumptech.glide.load.Transformation<android.graphics.Bitmap>,android.graphics.Bitmap)	null	null	file:///home/nima/Developer/AutoFixer/Evaluation/Projects/glide/library/src/main/java/com/bumptech/glide/load/resource/gif/GifFrameLoader.java	firstFrame
METHOD	com.bumptech.glide.load.resource.gif.GifFrameLoader	setFrameTransformation(com.bumptech.glide.load.Transformation<android.graphics.Bitmap>,android.graphics.Bitmap)	null	null	file:///home/nima/Developer/AutoFixer/Evaluation/Projects/glide/library/src/main/java/com/bumptech/glide/load/resource/gif/GifFrameLoader.java	requestBuilder
METHOD	com.bumptech.glide.RequestManager	setRequestOptions(com.bumptech.glide.request.RequestOptions)	null	null	file:///home/nima/Developer/AutoFixer/Evaluation/Projects/glide/library/src/main/java/com/bumptech/glide/RequestManager.java	requestOptions
METHOD	com.bumptech.glide.RequestManager	updateRequestOptions(com.bumptech.glide.request.RequestOptions)	null	null	file:///home/nima/Developer/AutoFixer/Evaluation/Projects/glide/library/src/main/java/com/bumptech/glide/RequestManager.java	requestOptions
METHOD	<anonymous com.bumptech.glide.util.GlideSuppliers$1>	get()	null	null	file:///home/nima/Developer/AutoFixer/Evaluation/Projects/glide/library/src/main/java/com/bumptech/glide/util/GlideSuppliers.java	instance
METHOD	com.bumptech.glide.Glide	setMemoryCategory(com.bumptech.glide.MemoryCategory)	null	null	file:///home/nima/Developer/AutoFixer/Evaluation/Projects/glide/library/src/main/java/com/bumptech/glide/Glide.java	memoryCategory
METHOD	com.bumptech.glide.GlideBuilder	setDefaultRequestOptions(com.bumptech.glide.Glide.RequestOptionsFactory)	null	null	file:///home/nima/Developer/AutoFixer/Evaluation/Projects/glide/library/src/main/java/com/bumptech/glide/GlideBuilder.java	defaultRequestOptionsFactory
METHOD	com.bumptech.glide.GlideBuilder	setEngine(com.bumptech.glide.load.engine.Engine)	null	null	file:///home/nima/Developer/AutoFixer/Evaluation/Projects/glide/library/src/main/java/com/bumptech/glide/GlideBuilder.java	engine
METHOD	com.bumptech.glide.GlideBuilder	build(android.content.Context,java.util.List<com.bumptech.glide.module.GlideModule>,com.bumptech.glide.module.AppGlideModule)	null	null	file:///home/nima/Developer/AutoFixer/Evaluation/Projects/glide/library/src/main/java/com/bumptech/glide/GlideBuilder.java	engine
METHOD	com.bumptech.glide.TransitionOptions	transition(com.bumptech.glide.request.transition.TransitionFactory<? super TranscodeType>)	null	null	file:///home/nima/Developer/AutoFixer/Evaluation/Projects/glide/library/src/main/java/com/bumptech/glide/TransitionOptions.java	transitionFactory
METHOD	com.bumptech.glide.load.engine.executor.GlideExecutor.Builder	setUncaughtThrowableStrategy(com.bumptech.glide.load.engine.executor.GlideExecutor.UncaughtThrowableStrategy)	null	null	file:///home/nima/Developer/AutoFixer/Evaluation/Projects/glide/library/src/main/java/com/bumptech/glide/load/engine/executor/GlideExecutor.java	uncaughtThrowableStrategy
METHOD	com.bumptech.glide.load.engine.cache.MemorySizeCalculator.Builder	setActivityManager(android.app.ActivityManager)	null	null	file:///home/nima/Developer/AutoFixer/Evaluation/Projects/glide/library/src/main/java/com/bumptech/glide/load/engine/cache/MemorySizeCalculator.java	activityManager
METHOD	com.bumptech.glide.load.engine.cache.MemorySizeCalculator.Builder	setScreenDimensions(com.bumptech.glide.load.engine.cache.MemorySizeCalculator.ScreenDimensions)	null	null	file:///home/nima/Developer/AutoFixer/Evaluation/Projects/glide/library/src/main/java/com/bumptech/glide/load/engine/cache/MemorySizeCalculator.java	screenDimensions
METHOD	com.bumptech.glide.load.engine.DecodeJob	init(com.bumptech.glide.GlideContext,java.lang.Object,com.bumptech.glide.load.engine.EngineKey,com.bumptech.glide.load.Key,int,int,java.lang.Class<?>,java.lang.Class<R>,com.bumptech.glide.Priority,com.bumptech.glide.load.engine.DiskCacheStrategy,java.util.Map<java.lang.Class<?>,com.bumptech.glide.load.Transformation<?>>,boolean,boolean,boolean,com.bumptech.glide.load.Options,com.bumptech.glide.load.engine.DecodeJob.Callback<R>,int)	null	null	file:///home/nima/Developer/AutoFixer/Evaluation/Projects/glide/library/src/main/java/com/bumptech/glide/load/engine/DecodeJob.java	glideContext
METHOD	com.bumptech.glide.load.engine.DecodeJob	init(com.bumptech.glide.GlideContext,java.lang.Object,com.bumptech.glide.load.engine.EngineKey,com.bumptech.glide.load.Key,int,int,java.lang.Class<?>,java.lang.Class<R>,com.bumptech.glide.Priority,com.bumptech.glide.load.engine.DiskCacheStrategy,java.util.Map<java.lang.Class<?>,com.bumptech.glide.load.Transformation<?>>,boolean,boolean,boolean,com.bumptech.glide.load.Options,com.bumptech.glide.load.engine.DecodeJob.Callback<R>,int)	null	null	file:///home/nima/Developer/AutoFixer/Evaluation/Projects/glide/library/src/main/java/com/bumptech/glide/load/engine/DecodeJob.java	signature
METHOD	com.bumptech.glide.load.engine.DecodeJob	init(com.bumptech.glide.GlideContext,java.lang.Object,com.bumptech.glide.load.engine.EngineKey,com.bumptech.glide.load.Key,int,int,java.lang.Class<?>,java.lang.Class<R>,com.bumptech.glide.Priority,com.bumptech.glide.load.engine.DiskCacheStrategy,java.util.Map<java.lang.Class<?>,com.bumptech.glide.load.Transformation<?>>,boolean,boolean,boolean,com.bumptech.glide.load.Options,com.bumptech.glide.load.engine.DecodeJob.Callback<R>,int)	null	null	file:///home/nima/Developer/AutoFixer/Evaluation/Projects/glide/library/src/main/java/com/bumptech/glide/load/engine/DecodeJob.java	diskCacheStrategy
METHOD	com.bumptech.glide.load.engine.DecodeJob	init(com.bumptech.glide.GlideContext,java.lang.Object,com.bumptech.glide.load.engine.EngineKey,com.bumptech.glide.load.Key,int,int,java.lang.Class<?>,java.lang.Class<R>,com.bumptech.glide.Priority,com.bumptech.glide.load.engine.DiskCacheStrategy,java.util.Map<java.lang.Class<?>,com.bumptech.glide.load.Transformation<?>>,boolean,boolean,boolean,com.bumptech.glide.load.Options,com.bumptech.glide.load.engine.DecodeJob.Callback<R>,int)	null	null	file:///home/nima/Developer/AutoFixer/Evaluation/Projects/glide/library/src/main/java/com/bumptech/glide/load/engine/DecodeJob.java	options
METHOD	com.bumptech.glide.load.engine.DecodeJob	init(com.bumptech.glide.GlideContext,java.lang.Object,com.bumptech.glide.load.engine.EngineKey,com.bumptech.glide.load.Key,int,int,java.lang.Class<?>,java.lang.Class<R>,com.bumptech.glide.Priority,com.bumptech.glide.load.engine.DiskCacheStrategy,java.util.Map<java.lang.Class<?>,com.bumptech.glide.load.Transformation<?>>,boolean,boolean,boolean,com.bumptech.glide.load.Options,com.bumptech.glide.load.engine.DecodeJob.Callback<R>,int)	null	null	file:///home/nima/Developer/AutoFixer/Evaluation/Projects/glide/library/src/main/java/com/bumptech/glide/load/engine/DecodeJob.java	callback
METHOD	com.bumptech.glide.load.engine.DecodeJob	init(com.bumptech.glide.GlideContext,java.lang.Object,com.bumptech.glide.load.engine.EngineKey,com.bumptech.glide.load.Key,int,int,java.lang.Class<?>,java.lang.Class<R>,com.bumptech.glide.Priority,com.bumptech.glide.load.engine.DiskCacheStrategy,java.util.Map<java.lang.Class<?>,com.bumptech.glide.load.Transformation<?>>,boolean,boolean,boolean,com.bumptech.glide.load.Options,com.bumptech.glide.load.engine.DecodeJob.Callback<R>,int)	null	null	file:///home/nima/Developer/AutoFixer/Evaluation/Projects/glide/library/src/main/java/com/bumptech/glide/load/engine/DecodeJob.java	runReason
METHOD	com.bumptech.glide.load.engine.DecodeJob	runGenerators()	null	null	file:///home/nima/Developer/AutoFixer/Evaluation/Projects/glide/library/src/main/java/com/bumptech/glide/load/engine/DecodeJob.java	stage
METHOD	com.bumptech.glide.load.engine.DecodeJob	reschedule()	null	null	file:///home/nima/Developer/AutoFixer/Evaluation/Projects/glide/library/src/main/java/com/bumptech/glide/load/engine/DecodeJob.java	runReason
METHOD	com.bumptech.glide.load.engine.DecodeJob	onDataFetcherReady(com.bumptech.glide.load.Key,java.lang.Object,com.bumptech.glide.load.data.DataFetcher<?>,com.bumptech.glide.load.DataSource,com.bumptech.glide.load.Key)	null	null	file:///home/nima/Developer/AutoFixer/Evaluation/Projects/glide/library/src/main/java/com/bumptech/glide/load/engine/DecodeJob.java	currentSourceKey
METHOD	com.bumptech.glide.load.engine.DecodeJob	onDataFetcherReady(com.bumptech.glide.load.Key,java.lang.Object,com.bumptech.glide.load.data.DataFetcher<?>,com.bumptech.glide.load.DataSource,com.bumptech.glide.load.Key)	null	null	file:///home/nima/Developer/AutoFixer/Evaluation/Projects/glide/library/src/main/java/com/bumptech/glide/load/engine/DecodeJob.java	currentDataSource
METHOD	com.bumptech.glide.load.engine.DecodeJob	onDataFetcherReady(com.bumptech.glide.load.Key,java.lang.Object,com.bumptech.glide.load.data.DataFetcher<?>,com.bumptech.glide.load.DataSource,com.bumptech.glide.load.Key)	null	null	file:///home/nima/Developer/AutoFixer/Evaluation/Projects/glide/library/src/main/java/com/bumptech/glide/load/engine/DecodeJob.java	currentAttemptingKey
METHOD	com.bumptech.glide.load.engine.DecodeJob	notifyEncodeAndRelease(com.bumptech.glide.load.engine.Resource<R>,com.bumptech.glide.load.DataSource,boolean)	null	null	file:///home/nima/Developer/AutoFixer/Evaluation/Projects/glide/library/src/main/java/com/bumptech/glide/load/engine/DecodeJob.java	stage
METHOD	com.bumptech.glide.load.engine.DecodeJob.DeferredEncodeManager	<X>init(com.bumptech.glide.load.Key,com.bumptech.glide.load.ResourceEncoder<X>,com.bumptech.glide.load.engine.LockedResource<X>)	null	null	file:///home/nima/Developer/AutoFixer/Evaluation/Projects/glide/library/src/main/java/com/bumptech/glide/load/engine/DecodeJob.java	toEncode
METHOD	com.bumptech.glide.load.engine.ActiveResources	setListener(com.bumptech.glide.load.engine.EngineResource.ResourceListener)	null	null	file:///home/nima/Developer/AutoFixer/Evaluation/Projects/glide/library/src/main/java/com/bumptech/glide/load/engine/ActiveResources.java	listener
METHOD	com.bumptech.glide.load.engine.EngineJob	init(com.bumptech.glide.load.Key,boolean,boolean,boolean,boolean)	null	null	file:///home/nima/Developer/AutoFixer/Evaluation/Projects/glide/library/src/main/java/com/bumptech/glide/load/engine/EngineJob.java	key
METHOD	com.bumptech.glide.load.engine.EngineJob	start(com.bumptech.glide.load.engine.DecodeJob<R>)	null	null	file:///home/nima/Developer/AutoFixer/Evaluation/Projects/glide/library/src/main/java/com/bumptech/glide/load/engine/EngineJob.java	decodeJob
METHOD	com.bumptech.glide.load.engine.EngineJob	onResourceReady(com.bumptech.glide.load.engine.Resource<R>,com.bumptech.glide.load.DataSource,boolean)	null	null	file:///home/nima/Developer/AutoFixer/Evaluation/Projects/glide/library/src/main/java/com/bumptech/glide/load/engine/EngineJob.java	resource
METHOD	com.bumptech.glide.load.engine.DecodeHelper	<R>init(com.bumptech.glide.GlideContext,java.lang.Object,com.bumptech.glide.load.Key,int,int,com.bumptech.glide.load.engine.DiskCacheStrategy,java.lang.Class<?>,java.lang.Class<R>,com.bumptech.glide.Priority,com.bumptech.glide.load.Options,java.util.Map<java.lang.Class<?>,com.bumptech.glide.load.Transformation<?>>,boolean,boolean,com.bumptech.glide.load.engine.DecodeJob.DiskCacheProvider)	null	null	file:///home/nima/Developer/AutoFixer/Evaluation/Projects/glide/library/src/main/java/com/bumptech/glide/load/engine/DecodeHelper.java	glideContext
METHOD	com.bumptech.glide.load.engine.DecodeHelper	<R>init(com.bumptech.glide.GlideContext,java.lang.Object,com.bumptech.glide.load.Key,int,int,com.bumptech.glide.load.engine.DiskCacheStrategy,java.lang.Class<?>,java.lang.Class<R>,com.bumptech.glide.Priority,com.bumptech.glide.load.Options,java.util.Map<java.lang.Class<?>,com.bumptech.glide.load.Transformation<?>>,boolean,boolean,com.bumptech.glide.load.engine.DecodeJob.DiskCacheProvider)	null	null	file:///home/nima/Developer/AutoFixer/Evaluation/Projects/glide/library/src/main/java/com/bumptech/glide/load/engine/DecodeHelper.java	model
METHOD	com.bumptech.glide.load.engine.DecodeHelper	<R>init(com.bumptech.glide.GlideContext,java.lang.Object,com.bumptech.glide.load.Key,int,int,com.bumptech.glide.load.engine.DiskCacheStrategy,java.lang.Class<?>,java.lang.Class<R>,com.bumptech.glide.Priority,com.bumptech.glide.load.Options,java.util.Map<java.lang.Class<?>,com.bumptech.glide.load.Transformation<?>>,boolean,boolean,com.bumptech.glide.load.engine.DecodeJob.DiskCacheProvider)	null	null	file:///home/nima/Developer/AutoFixer/Evaluation/Projects/glide/library/src/main/java/com/bumptech/glide/load/engine/DecodeHelper.java	resourceClass
METHOD	com.bumptech.glide.load.engine.DecodeHelper	<R>init(com.bumptech.glide.GlideContext,java.lang.Object,com.bumptech.glide.load.Key,int,int,com.bumptech.glide.load.engine.DiskCacheStrategy,java.lang.Class<?>,java.lang.Class<R>,com.bumptech.glide.Priority,com.bumptech.glide.load.Options,java.util.Map<java.lang.Class<?>,com.bumptech.glide.load.Transformation<?>>,boolean,boolean,com.bumptech.glide.load.engine.DecodeJob.DiskCacheProvider)	null	null	file:///home/nima/Developer/AutoFixer/Evaluation/Projects/glide/library/src/main/java/com/bumptech/glide/load/engine/DecodeHelper.java	diskCacheProvider
METHOD	com.bumptech.glide.load.engine.DecodeHelper	<R>init(com.bumptech.glide.GlideContext,java.lang.Object,com.bumptech.glide.load.Key,int,int,com.bumptech.glide.load.engine.DiskCacheStrategy,java.lang.Class<?>,java.lang.Class<R>,com.bumptech.glide.Priority,com.bumptech.glide.load.Options,java.util.Map<java.lang.Class<?>,com.bumptech.glide.load.Transformation<?>>,boolean,boolean,com.bumptech.glide.load.engine.DecodeJob.DiskCacheProvider)	null	null	file:///home/nima/Developer/AutoFixer/Evaluation/Projects/glide/library/src/main/java/com/bumptech/glide/load/engine/DecodeHelper.java	transcodeClass
METHOD	com.bumptech.glide.load.engine.DecodeHelper	<R>init(com.bumptech.glide.GlideContext,java.lang.Object,com.bumptech.glide.load.Key,int,int,com.bumptech.glide.load.engine.DiskCacheStrategy,java.lang.Class<?>,java.lang.Class<R>,com.bumptech.glide.Priority,com.bumptech.glide.load.Options,java.util.Map<java.lang.Class<?>,com.bumptech.glide.load.Transformation<?>>,boolean,boolean,com.bumptech.glide.load.engine.DecodeJob.DiskCacheProvider)	null	null	file:///home/nima/Developer/AutoFixer/Evaluation/Projects/glide/library/src/main/java/com/bumptech/glide/load/engine/DecodeHelper.java	options
METHOD	com.bumptech.glide.load.engine.LockedResource	init(com.bumptech.glide.load.engine.Resource<Z>)	null	null	file:///home/nima/Developer/AutoFixer/Evaluation/Projects/glide/library/src/main/java/com/bumptech/glide/load/engine/LockedResource.java	toWrap
METHOD	com.bumptech.glide.util.ExceptionPassthroughInputStream	setInputStream(java.io.InputStream)	null	null	file:///home/nima/Developer/AutoFixer/Evaluation/Projects/glide/library/src/main/java/com/bumptech/glide/util/ExceptionPassthroughInputStream.java	wrapped
METHOD	com.bumptech.glide.load.engine.DataCacheGenerator	startNext()	null	null	file:///home/nima/Developer/AutoFixer/Evaluation/Projects/glide/library/src/main/java/com/bumptech/glide/load/engine/DataCacheGenerator.java	modelLoaders
METHOD	com.bumptech.glide.util.ExceptionCatchingInputStream	setInputStream(java.io.InputStream)	null	null	file:///home/nima/Developer/AutoFixer/Evaluation/Projects/glide/library/src/main/java/com/bumptech/glide/util/ExceptionCatchingInputStream.java	wrapped
METHOD	com.bumptech.glide.request.ErrorRequestCoordinator	setRequests(com.bumptech.glide.request.Request,com.bumptech.glide.request.Request)	null	null	file:///home/nima/Developer/AutoFixer/Evaluation/Projects/glide/library/src/main/java/com/bumptech/glide/request/ErrorRequestCoordinator.java	primary
METHOD	com.bumptech.glide.request.ErrorRequestCoordinator	setRequests(com.bumptech.glide.request.Request,com.bumptech.glide.request.Request)	null	null	file:///home/nima/Developer/AutoFixer/Evaluation/Projects/glide/library/src/main/java/com/bumptech/glide/request/ErrorRequestCoordinator.java	error
METHOD	com.bumptech.glide.request.ErrorRequestCoordinator	begin()	null	null	file:///home/nima/Developer/AutoFixer/Evaluation/Projects/glide/library/src/main/java/com/bumptech/glide/request/ErrorRequestCoordinator.java	primaryState
METHOD	com.bumptech.glide.request.ErrorRequestCoordinator	clear()	null	null	file:///home/nima/Developer/AutoFixer/Evaluation/Projects/glide/library/src/main/java/com/bumptech/glide/request/ErrorRequestCoordinator.java	primaryState
METHOD	com.bumptech.glide.request.ErrorRequestCoordinator	clear()	null	null	file:///home/nima/Developer/AutoFixer/Evaluation/Projects/glide/library/src/main/java/com/bumptech/glide/request/ErrorRequestCoordinator.java	errorState
METHOD	com.bumptech.glide.request.ErrorRequestCoordinator	pause()	null	null	file:///home/nima/Developer/AutoFixer/Evaluation/Projects/glide/library/src/main/java/com/bumptech/glide/request/ErrorRequestCoordinator.java	primaryState
METHOD	com.bumptech.glide.request.ErrorRequestCoordinator	pause()	null	null	file:///home/nima/Developer/AutoFixer/Evaluation/Projects/glide/library/src/main/java/com/bumptech/glide/request/ErrorRequestCoordinator.java	errorState
METHOD	com.bumptech.glide.request.ErrorRequestCoordinator	onRequestFailed(com.bumptech.glide.request.Request)	null	null	file:///home/nima/Developer/AutoFixer/Evaluation/Projects/glide/library/src/main/java/com/bumptech/glide/request/ErrorRequestCoordinator.java	errorState
METHOD	com.bumptech.glide.request.ErrorRequestCoordinator	onRequestFailed(com.bumptech.glide.request.Request)	null	null	file:///home/nima/Developer/AutoFixer/Evaluation/Projects/glide/library/src/main/java/com/bumptech/glide/request/ErrorRequestCoordinator.java	errorState
METHOD	com.bumptech.glide.request.ThumbnailRequestCoordinator	setRequests(com.bumptech.glide.request.Request,com.bumptech.glide.request.Request)	null	null	file:///home/nima/Developer/AutoFixer/Evaluation/Projects/glide/library/src/main/java/com/bumptech/glide/request/ThumbnailRequestCoordinator.java	full
METHOD	com.bumptech.glide.request.ThumbnailRequestCoordinator	setRequests(com.bumptech.glide.request.Request,com.bumptech.glide.request.Request)	null	null	file:///home/nima/Developer/AutoFixer/Evaluation/Projects/glide/library/src/main/java/com/bumptech/glide/request/ThumbnailRequestCoordinator.java	thumb
METHOD	com.bumptech.glide.request.ThumbnailRequestCoordinator	onRequestSuccess(com.bumptech.glide.request.Request)	null	null	file:///home/nima/Developer/AutoFixer/Evaluation/Projects/glide/library/src/main/java/com/bumptech/glide/request/ThumbnailRequestCoordinator.java	thumbState
METHOD	com.bumptech.glide.request.ThumbnailRequestCoordinator	begin()	null	null	file:///home/nima/Developer/AutoFixer/Evaluation/Projects/glide/library/src/main/java/com/bumptech/glide/request/ThumbnailRequestCoordinator.java	fullState
METHOD	com.bumptech.glide.request.ThumbnailRequestCoordinator	clear()	null	null	file:///home/nima/Developer/AutoFixer/Evaluation/Projects/glide/library/src/main/java/com/bumptech/glide/request/ThumbnailRequestCoordinator.java	fullState
METHOD	com.bumptech.glide.request.ThumbnailRequestCoordinator	clear()	null	null	file:///home/nima/Developer/AutoFixer/Evaluation/Projects/glide/library/src/main/java/com/bumptech/glide/request/ThumbnailRequestCoordinator.java	thumbState
METHOD	com.bumptech.glide.request.ThumbnailRequestCoordinator	pause()	null	null	file:///home/nima/Developer/AutoFixer/Evaluation/Projects/glide/library/src/main/java/com/bumptech/glide/request/ThumbnailRequestCoordinator.java	thumbState
METHOD	com.bumptech.glide.request.ThumbnailRequestCoordinator	pause()	null	null	file:///home/nima/Developer/AutoFixer/Evaluation/Projects/glide/library/src/main/java/com/bumptech/glide/request/ThumbnailRequestCoordinator.java	fullState
METHOD	com.bumptech.glide.request.SingleRequest	clear()	null	null	file:///home/nima/Developer/AutoFixer/Evaluation/Projects/glide/library/src/main/java/com/bumptech/glide/request/SingleRequest.java	status
METHOD	com.bumptech.glide.request.SingleRequest	onSizeReady(int,int)	null	null	file:///home/nima/Developer/AutoFixer/Evaluation/Projects/glide/library/src/main/java/com/bumptech/glide/request/SingleRequest.java	status
METHOD	com.bumptech.glide.request.SingleRequest	onResourceReady(com.bumptech.glide.load.engine.Resource<R>,R,com.bumptech.glide.load.DataSource,boolean)	null	null	file:///home/nima/Developer/AutoFixer/Evaluation/Projects/glide/library/src/main/java/com/bumptech/glide/request/SingleRequest.java	status
METHOD	com.bumptech.glide.request.SingleRequest	onLoadFailed(com.bumptech.glide.load.engine.GlideException,int)	null	null	file:///home/nima/Developer/AutoFixer/Evaluation/Projects/glide/library/src/main/java/com/bumptech/glide/request/SingleRequest.java	status
