location	class	method	param	index	uri	reason	annotation	rootClass	rootMethod
FIELD	com.bumptech.glide.load.engine.prefill.BitmapPreFiller	null	current	null	file:///home/nima/Developer/AutoFixer/Evaluation/Projects/glide/library/src/main/java/com/bumptech/glide/load/engine/prefill/BitmapPreFiller.java	METHOD_NO_INIT	androidx.annotation.Nullable	com.bumptech.glide.load.engine.prefill.BitmapPreFiller	null
FIELD	com.bumptech.glide.load.engine.executor.GlideExecutor.Builder	null	name	null	file:///home/nima/Developer/AutoFixer/Evaluation/Projects/glide/library/src/main/java/com/bumptech/glide/load/engine/executor/GlideExecutor.java	METHOD_NO_INIT	androidx.annotation.Nullable	com.bumptech.glide.load.engine.executor.GlideExecutor	null
FIELD	com.bumptech.glide.request.target.BaseTarget	null	request	null	file:///home/nima/Developer/AutoFixer/Evaluation/Projects/glide/library/src/main/java/com/bumptech/glide/request/target/BaseTarget.java	FIELD_NO_INIT	androidx.annotation.Nullable	com.bumptech.glide.request.target.BaseTarget	null
FIELD	com.bumptech.glide.request.target.BaseTarget	null	request	null	file:///home/nima/Developer/AutoFixer/Evaluation/Projects/glide/library/src/main/java/com/bumptech/glide/request/target/BaseTarget.java	ASSIGN_FIELD_NULLABLE	androidx.annotation.Nullable	com.bumptech.glide.request.target.BaseTarget	setRequest(com.bumptech.glide.request.Request)
METHOD	com.bumptech.glide.load.engine.Jobs	get(com.bumptech.glide.load.Key,boolean)	null	null	file:///home/nima/Developer/AutoFixer/Evaluation/Projects/glide/library/src/main/java/com/bumptech/glide/load/engine/Jobs.java	RETURN_NULLABLE	androidx.annotation.Nullable	com.bumptech.glide.load.engine.Jobs	get(com.bumptech.glide.load.Key,boolean)
FIELD	com.bumptech.glide.load.engine.DecodeJob	null	glideContext	null	file:///home/nima/Developer/AutoFixer/Evaluation/Projects/glide/library/src/main/java/com/bumptech/glide/load/engine/DecodeJob.java	METHOD_NO_INIT	androidx.annotation.Nullable	com.bumptech.glide.load.engine.DecodeJob	null
FIELD	com.bumptech.glide.load.engine.DecodeJob	null	signature	null	file:///home/nima/Developer/AutoFixer/Evaluation/Projects/glide/library/src/main/java/com/bumptech/glide/load/engine/DecodeJob.java	METHOD_NO_INIT	androidx.annotation.Nullable	com.bumptech.glide.load.engine.DecodeJob	null
FIELD	com.bumptech.glide.load.engine.DecodeJob	null	priority	null	file:///home/nima/Developer/AutoFixer/Evaluation/Projects/glide/library/src/main/java/com/bumptech/glide/load/engine/DecodeJob.java	METHOD_NO_INIT	androidx.annotation.Nullable	com.bumptech.glide.load.engine.DecodeJob	null
FIELD	com.bumptech.glide.load.engine.DecodeJob	null	loadKey	null	file:///home/nima/Developer/AutoFixer/Evaluation/Projects/glide/library/src/main/java/com/bumptech/glide/load/engine/DecodeJob.java	METHOD_NO_INIT	androidx.annotation.Nullable	com.bumptech.glide.load.engine.DecodeJob	null
FIELD	com.bumptech.glide.load.engine.DecodeJob	null	diskCacheStrategy	null	file:///home/nima/Developer/AutoFixer/Evaluation/Projects/glide/library/src/main/java/com/bumptech/glide/load/engine/DecodeJob.java	METHOD_NO_INIT	androidx.annotation.Nullable	com.bumptech.glide.load.engine.DecodeJob	null
FIELD	com.bumptech.glide.load.engine.DecodeJob	null	options	null	file:///home/nima/Developer/AutoFixer/Evaluation/Projects/glide/library/src/main/java/com/bumptech/glide/load/engine/DecodeJob.java	METHOD_NO_INIT	androidx.annotation.Nullable	com.bumptech.glide.load.engine.DecodeJob	null
FIELD	com.bumptech.glide.load.engine.DecodeJob	null	callback	null	file:///home/nima/Developer/AutoFixer/Evaluation/Projects/glide/library/src/main/java/com/bumptech/glide/load/engine/DecodeJob.java	METHOD_NO_INIT	androidx.annotation.Nullable	com.bumptech.glide.load.engine.DecodeJob	null
FIELD	com.bumptech.glide.load.engine.DecodeJob	null	stage	null	file:///home/nima/Developer/AutoFixer/Evaluation/Projects/glide/library/src/main/java/com/bumptech/glide/load/engine/DecodeJob.java	METHOD_NO_INIT	androidx.annotation.Nullable	com.bumptech.glide.load.engine.DecodeJob	null
FIELD	com.bumptech.glide.load.engine.DecodeJob	null	runReason	null	file:///home/nima/Developer/AutoFixer/Evaluation/Projects/glide/library/src/main/java/com/bumptech/glide/load/engine/DecodeJob.java	METHOD_NO_INIT	androidx.annotation.Nullable	com.bumptech.glide.load.engine.DecodeJob	null
FIELD	com.bumptech.glide.load.engine.DecodeJob	null	model	null	file:///home/nima/Developer/AutoFixer/Evaluation/Projects/glide/library/src/main/java/com/bumptech/glide/load/engine/DecodeJob.java	METHOD_NO_INIT	androidx.annotation.Nullable	com.bumptech.glide.load.engine.DecodeJob	null
FIELD	com.bumptech.glide.load.engine.DecodeJob	null	currentThread	null	file:///home/nima/Developer/AutoFixer/Evaluation/Projects/glide/library/src/main/java/com/bumptech/glide/load/engine/DecodeJob.java	METHOD_NO_INIT	androidx.annotation.Nullable	com.bumptech.glide.load.engine.DecodeJob	null
FIELD	com.bumptech.glide.load.engine.DecodeJob	null	currentSourceKey	null	file:///home/nima/Developer/AutoFixer/Evaluation/Projects/glide/library/src/main/java/com/bumptech/glide/load/engine/DecodeJob.java	METHOD_NO_INIT	androidx.annotation.Nullable	com.bumptech.glide.load.engine.DecodeJob	null
FIELD	com.bumptech.glide.load.engine.DecodeJob	null	currentAttemptingKey	null	file:///home/nima/Developer/AutoFixer/Evaluation/Projects/glide/library/src/main/java/com/bumptech/glide/load/engine/DecodeJob.java	METHOD_NO_INIT	androidx.annotation.Nullable	com.bumptech.glide.load.engine.DecodeJob	null
FIELD	com.bumptech.glide.load.engine.DecodeJob	null	currentData	null	file:///home/nima/Developer/AutoFixer/Evaluation/Projects/glide/library/src/main/java/com/bumptech/glide/load/engine/DecodeJob.java	METHOD_NO_INIT	androidx.annotation.Nullable	com.bumptech.glide.load.engine.DecodeJob	null
FIELD	com.bumptech.glide.load.engine.DecodeJob	null	currentDataSource	null	file:///home/nima/Developer/AutoFixer/Evaluation/Projects/glide/library/src/main/java/com/bumptech/glide/load/engine/DecodeJob.java	METHOD_NO_INIT	androidx.annotation.Nullable	com.bumptech.glide.load.engine.DecodeJob	null
FIELD	com.bumptech.glide.load.engine.DecodeJob	null	currentFetcher	null	file:///home/nima/Developer/AutoFixer/Evaluation/Projects/glide/library/src/main/java/com/bumptech/glide/load/engine/DecodeJob.java	METHOD_NO_INIT	androidx.annotation.Nullable	com.bumptech.glide.load.engine.DecodeJob	null
FIELD	com.bumptech.glide.load.engine.DecodeJob	null	currentGenerator	null	file:///home/nima/Developer/AutoFixer/Evaluation/Projects/glide/library/src/main/java/com/bumptech/glide/load/engine/DecodeJob.java	METHOD_NO_INIT	androidx.annotation.Nullable	com.bumptech.glide.load.engine.DecodeJob	null
FIELD	com.bumptech.glide.load.engine.DecodeJob	null	glideContext	null	file:///home/nima/Developer/AutoFixer/Evaluation/Projects/glide/library/src/main/java/com/bumptech/glide/load/engine/DecodeJob.java	ASSIGN_FIELD_NULLABLE	androidx.annotation.Nullable	com.bumptech.glide.load.engine.DecodeJob	releaseInternal()
FIELD	com.bumptech.glide.load.engine.DecodeJob	null	signature	null	file:///home/nima/Developer/AutoFixer/Evaluation/Projects/glide/library/src/main/java/com/bumptech/glide/load/engine/DecodeJob.java	ASSIGN_FIELD_NULLABLE	androidx.annotation.Nullable	com.bumptech.glide.load.engine.DecodeJob	releaseInternal()
FIELD	com.bumptech.glide.load.engine.DecodeJob	null	options	null	file:///home/nima/Developer/AutoFixer/Evaluation/Projects/glide/library/src/main/java/com/bumptech/glide/load/engine/DecodeJob.java	ASSIGN_FIELD_NULLABLE	androidx.annotation.Nullable	com.bumptech.glide.load.engine.DecodeJob	releaseInternal()
FIELD	com.bumptech.glide.load.engine.DecodeJob	null	priority	null	file:///home/nima/Developer/AutoFixer/Evaluation/Projects/glide/library/src/main/java/com/bumptech/glide/load/engine/DecodeJob.java	ASSIGN_FIELD_NULLABLE	androidx.annotation.Nullable	com.bumptech.glide.load.engine.DecodeJob	releaseInternal()
FIELD	com.bumptech.glide.load.engine.DecodeJob	null	loadKey	null	file:///home/nima/Developer/AutoFixer/Evaluation/Projects/glide/library/src/main/java/com/bumptech/glide/load/engine/DecodeJob.java	ASSIGN_FIELD_NULLABLE	androidx.annotation.Nullable	com.bumptech.glide.load.engine.DecodeJob	releaseInternal()
FIELD	com.bumptech.glide.load.engine.DecodeJob	null	callback	null	file:///home/nima/Developer/AutoFixer/Evaluation/Projects/glide/library/src/main/java/com/bumptech/glide/load/engine/DecodeJob.java	ASSIGN_FIELD_NULLABLE	androidx.annotation.Nullable	com.bumptech.glide.load.engine.DecodeJob	releaseInternal()
FIELD	com.bumptech.glide.load.engine.DecodeJob	null	stage	null	file:///home/nima/Developer/AutoFixer/Evaluation/Projects/glide/library/src/main/java/com/bumptech/glide/load/engine/DecodeJob.java	ASSIGN_FIELD_NULLABLE	androidx.annotation.Nullable	com.bumptech.glide.load.engine.DecodeJob	releaseInternal()
FIELD	com.bumptech.glide.load.engine.DecodeJob	null	currentGenerator	null	file:///home/nima/Developer/AutoFixer/Evaluation/Projects/glide/library/src/main/java/com/bumptech/glide/load/engine/DecodeJob.java	ASSIGN_FIELD_NULLABLE	androidx.annotation.Nullable	com.bumptech.glide.load.engine.DecodeJob	releaseInternal()
FIELD	com.bumptech.glide.load.engine.DecodeJob	null	currentThread	null	file:///home/nima/Developer/AutoFixer/Evaluation/Projects/glide/library/src/main/java/com/bumptech/glide/load/engine/DecodeJob.java	ASSIGN_FIELD_NULLABLE	androidx.annotation.Nullable	com.bumptech.glide.load.engine.DecodeJob	releaseInternal()
FIELD	com.bumptech.glide.load.engine.DecodeJob	null	currentSourceKey	null	file:///home/nima/Developer/AutoFixer/Evaluation/Projects/glide/library/src/main/java/com/bumptech/glide/load/engine/DecodeJob.java	ASSIGN_FIELD_NULLABLE	androidx.annotation.Nullable	com.bumptech.glide.load.engine.DecodeJob	releaseInternal()
FIELD	com.bumptech.glide.load.engine.DecodeJob	null	currentData	null	file:///home/nima/Developer/AutoFixer/Evaluation/Projects/glide/library/src/main/java/com/bumptech/glide/load/engine/DecodeJob.java	ASSIGN_FIELD_NULLABLE	androidx.annotation.Nullable	com.bumptech.glide.load.engine.DecodeJob	releaseInternal()
FIELD	com.bumptech.glide.load.engine.DecodeJob	null	currentDataSource	null	file:///home/nima/Developer/AutoFixer/Evaluation/Projects/glide/library/src/main/java/com/bumptech/glide/load/engine/DecodeJob.java	ASSIGN_FIELD_NULLABLE	androidx.annotation.Nullable	com.bumptech.glide.load.engine.DecodeJob	releaseInternal()
FIELD	com.bumptech.glide.load.engine.DecodeJob	null	currentFetcher	null	file:///home/nima/Developer/AutoFixer/Evaluation/Projects/glide/library/src/main/java/com/bumptech/glide/load/engine/DecodeJob.java	ASSIGN_FIELD_NULLABLE	androidx.annotation.Nullable	com.bumptech.glide.load.engine.DecodeJob	releaseInternal()
FIELD	com.bumptech.glide.load.engine.DecodeJob	null	model	null	file:///home/nima/Developer/AutoFixer/Evaluation/Projects/glide/library/src/main/java/com/bumptech/glide/load/engine/DecodeJob.java	ASSIGN_FIELD_NULLABLE	androidx.annotation.Nullable	com.bumptech.glide.load.engine.DecodeJob	releaseInternal()
METHOD	com.bumptech.glide.load.engine.DecodeJob	getNextGenerator()	null	null	file:///home/nima/Developer/AutoFixer/Evaluation/Projects/glide/library/src/main/java/com/bumptech/glide/load/engine/DecodeJob.java	RETURN_NULLABLE	androidx.annotation.Nullable	com.bumptech.glide.load.engine.DecodeJob	getNextGenerator()
PARAMETER	com.bumptech.glide.load.engine.DecodeJob	onDataFetcherReady(com.bumptech.glide.load.Key,java.lang.Object,com.bumptech.glide.load.data.DataFetcher<?>,com.bumptech.glide.load.DataSource,com.bumptech.glide.load.Key)	data	1	file:///home/nima/Developer/AutoFixer/Evaluation/Projects/glide/library/src/main/java/com/bumptech/glide/load/engine/DecodeJob.java	WRONG_OVERRIDE_PARAM	androidx.annotation.Nullable	com.bumptech.glide.load.engine.DecodeJob	onDataFetcherReady(com.bumptech.glide.load.Key,java.lang.Object,com.bumptech.glide.load.data.DataFetcher<?>,com.bumptech.glide.load.DataSource,com.bumptech.glide.load.Key)
METHOD	com.bumptech.glide.load.engine.DecodeJob	<Data>decodeFromData(com.bumptech.glide.load.data.DataFetcher<?>,Data,com.bumptech.glide.load.DataSource)	null	null	file:///home/nima/Developer/AutoFixer/Evaluation/Projects/glide/library/src/main/java/com/bumptech/glide/load/engine/DecodeJob.java	RETURN_NULLABLE	androidx.annotation.Nullable	com.bumptech.glide.load.engine.DecodeJob	<Data>decodeFromData(com.bumptech.glide.load.data.DataFetcher<?>,Data,com.bumptech.glide.load.DataSource)
PARAMETER	com.bumptech.glide.load.engine.DecodeJob	logWithTimeAndKey(java.lang.String,long,java.lang.String)	extraArgs	2	file:///home/nima/Developer/AutoFixer/Evaluation/Projects/glide/library/src/main/java/com/bumptech/glide/load/engine/DecodeJob.java	PASS_NULLABLE	androidx.annotation.Nullable	com.bumptech.glide.load.engine.DecodeJob	logWithTimeAndKey(java.lang.String,long)
PARAMETER	com.bumptech.glide.load.engine.ResourceCacheKey	ResourceCacheKey(com.bumptech.glide.load.engine.bitmap_recycle.ArrayPool,com.bumptech.glide.load.Key,com.bumptech.glide.load.Key,int,int,com.bumptech.glide.load.Transformation<?>,java.lang.Class<?>,com.bumptech.glide.load.Options)	appliedTransformation	5	file:///home/nima/Developer/AutoFixer/Evaluation/Projects/glide/library/src/main/java/com/bumptech/glide/load/engine/ResourceCacheKey.java	PASS_NULLABLE	androidx.annotation.Nullable	com.bumptech.glide.load.engine.DecodeJob	<Z>onResourceDecoded(com.bumptech.glide.load.DataSource,com.bumptech.glide.load.engine.Resource<Z>)
FIELD	com.bumptech.glide.load.engine.DecodeJob.DeferredEncodeManager	null	key	null	file:///home/nima/Developer/AutoFixer/Evaluation/Projects/glide/library/src/main/java/com/bumptech/glide/load/engine/DecodeJob.java	METHOD_NO_INIT	androidx.annotation.Nullable	com.bumptech.glide.load.engine.DecodeJob	null
FIELD	com.bumptech.glide.load.engine.DecodeJob.DeferredEncodeManager	null	encoder	null	file:///home/nima/Developer/AutoFixer/Evaluation/Projects/glide/library/src/main/java/com/bumptech/glide/load/engine/DecodeJob.java	METHOD_NO_INIT	androidx.annotation.Nullable	com.bumptech.glide.load.engine.DecodeJob	null
FIELD	com.bumptech.glide.load.engine.DecodeJob.DeferredEncodeManager	null	toEncode	null	file:///home/nima/Developer/AutoFixer/Evaluation/Projects/glide/library/src/main/java/com/bumptech/glide/load/engine/DecodeJob.java	METHOD_NO_INIT	androidx.annotation.Nullable	com.bumptech.glide.load.engine.DecodeJob	null
FIELD	com.bumptech.glide.load.engine.DecodeJob.DeferredEncodeManager	null	key	null	file:///home/nima/Developer/AutoFixer/Evaluation/Projects/glide/library/src/main/java/com/bumptech/glide/load/engine/DecodeJob.java	ASSIGN_FIELD_NULLABLE	androidx.annotation.Nullable	com.bumptech.glide.load.engine.DecodeJob.DeferredEncodeManager	clear()
FIELD	com.bumptech.glide.load.engine.DecodeJob.DeferredEncodeManager	null	encoder	null	file:///home/nima/Developer/AutoFixer/Evaluation/Projects/glide/library/src/main/java/com/bumptech/glide/load/engine/DecodeJob.java	ASSIGN_FIELD_NULLABLE	androidx.annotation.Nullable	com.bumptech.glide.load.engine.DecodeJob.DeferredEncodeManager	clear()
FIELD	com.bumptech.glide.load.engine.DecodeJob.DeferredEncodeManager	null	toEncode	null	file:///home/nima/Developer/AutoFixer/Evaluation/Projects/glide/library/src/main/java/com/bumptech/glide/load/engine/DecodeJob.java	ASSIGN_FIELD_NULLABLE	androidx.annotation.Nullable	com.bumptech.glide.load.engine.DecodeJob.DeferredEncodeManager	clear()
FIELD	com.bumptech.glide.load.engine.ActiveResources	null	listener	null	file:///home/nima/Developer/AutoFixer/Evaluation/Projects/glide/library/src/main/java/com/bumptech/glide/load/engine/ActiveResources.java	METHOD_NO_INIT	androidx.annotation.Nullable	com.bumptech.glide.load.engine.ActiveResources	null
FIELD	com.bumptech.glide.load.engine.EngineJob	null	key	null	file:///home/nima/Developer/AutoFixer/Evaluation/Projects/glide/library/src/main/java/com/bumptech/glide/load/engine/EngineJob.java	METHOD_NO_INIT	androidx.annotation.Nullable	com.bumptech.glide.load.engine.EngineJob	null
FIELD	com.bumptech.glide.load.engine.EngineJob	null	resource	null	file:///home/nima/Developer/AutoFixer/Evaluation/Projects/glide/library/src/main/java/com/bumptech/glide/load/engine/EngineJob.java	METHOD_NO_INIT	androidx.annotation.Nullable	com.bumptech.glide.load.engine.EngineJob	null
FIELD	com.bumptech.glide.load.engine.EngineJob	null	dataSource	null	file:///home/nima/Developer/AutoFixer/Evaluation/Projects/glide/library/src/main/java/com/bumptech/glide/load/engine/EngineJob.java	METHOD_NO_INIT	androidx.annotation.Nullable	com.bumptech.glide.load.engine.EngineJob	null
FIELD	com.bumptech.glide.load.engine.EngineJob	null	exception	null	file:///home/nima/Developer/AutoFixer/Evaluation/Projects/glide/library/src/main/java/com/bumptech/glide/load/engine/EngineJob.java	METHOD_NO_INIT	androidx.annotation.Nullable	com.bumptech.glide.load.engine.EngineJob	null
FIELD	com.bumptech.glide.load.engine.EngineJob	null	engineResource	null	file:///home/nima/Developer/AutoFixer/Evaluation/Projects/glide/library/src/main/java/com/bumptech/glide/load/engine/EngineJob.java	METHOD_NO_INIT	androidx.annotation.Nullable	com.bumptech.glide.load.engine.EngineJob	null
FIELD	com.bumptech.glide.load.engine.EngineJob	null	decodeJob	null	file:///home/nima/Developer/AutoFixer/Evaluation/Projects/glide/library/src/main/java/com/bumptech/glide/load/engine/EngineJob.java	METHOD_NO_INIT	androidx.annotation.Nullable	com.bumptech.glide.load.engine.EngineJob	null
FIELD	com.bumptech.glide.load.engine.EngineJob	null	key	null	file:///home/nima/Developer/AutoFixer/Evaluation/Projects/glide/library/src/main/java/com/bumptech/glide/load/engine/EngineJob.java	ASSIGN_FIELD_NULLABLE	androidx.annotation.Nullable	com.bumptech.glide.load.engine.EngineJob	release()
FIELD	com.bumptech.glide.load.engine.EngineJob	null	engineResource	null	file:///home/nima/Developer/AutoFixer/Evaluation/Projects/glide/library/src/main/java/com/bumptech/glide/load/engine/EngineJob.java	ASSIGN_FIELD_NULLABLE	androidx.annotation.Nullable	com.bumptech.glide.load.engine.EngineJob	release()
FIELD	com.bumptech.glide.load.engine.EngineJob	null	resource	null	file:///home/nima/Developer/AutoFixer/Evaluation/Projects/glide/library/src/main/java/com/bumptech/glide/load/engine/EngineJob.java	ASSIGN_FIELD_NULLABLE	androidx.annotation.Nullable	com.bumptech.glide.load.engine.EngineJob	release()
FIELD	com.bumptech.glide.load.engine.EngineJob	null	decodeJob	null	file:///home/nima/Developer/AutoFixer/Evaluation/Projects/glide/library/src/main/java/com/bumptech/glide/load/engine/EngineJob.java	ASSIGN_FIELD_NULLABLE	androidx.annotation.Nullable	com.bumptech.glide.load.engine.EngineJob	release()
FIELD	com.bumptech.glide.load.engine.EngineJob	null	exception	null	file:///home/nima/Developer/AutoFixer/Evaluation/Projects/glide/library/src/main/java/com/bumptech/glide/load/engine/EngineJob.java	ASSIGN_FIELD_NULLABLE	androidx.annotation.Nullable	com.bumptech.glide.load.engine.EngineJob	release()
FIELD	com.bumptech.glide.load.engine.EngineJob	null	dataSource	null	file:///home/nima/Developer/AutoFixer/Evaluation/Projects/glide/library/src/main/java/com/bumptech/glide/load/engine/EngineJob.java	ASSIGN_FIELD_NULLABLE	androidx.annotation.Nullable	com.bumptech.glide.load.engine.EngineJob	release()
PARAMETER	com.bumptech.glide.load.engine.EngineJobListener	onEngineJobComplete(com.bumptech.glide.load.engine.EngineJob<?>,com.bumptech.glide.load.Key,com.bumptech.glide.load.engine.EngineResource<?>)	resource	2	file:///home/nima/Developer/AutoFixer/Evaluation/Projects/glide/library/src/main/java/com/bumptech/glide/load/engine/EngineJobListener.java	PASS_NULLABLE	androidx.annotation.Nullable	com.bumptech.glide.load.engine.EngineJob	notifyCallbacksOfException()
FIELD	com.bumptech.glide.util.pool.StateVerifier.DebugStateVerifier	null	recycledAtStackTraceException	null	file:///home/nima/Developer/AutoFixer/Evaluation/Projects/glide/library/src/main/java/com/bumptech/glide/util/pool/StateVerifier.java	METHOD_NO_INIT	androidx.annotation.Nullable	com.bumptech.glide.util.pool.StateVerifier	null
FIELD	com.bumptech.glide.util.pool.StateVerifier.DebugStateVerifier	null	recycledAtStackTraceException	null	file:///home/nima/Developer/AutoFixer/Evaluation/Projects/glide/library/src/main/java/com/bumptech/glide/util/pool/StateVerifier.java	ASSIGN_FIELD_NULLABLE	androidx.annotation.Nullable	com.bumptech.glide.util.pool.StateVerifier.DebugStateVerifier	setRecycled(boolean)
FIELD	com.bumptech.glide.load.engine.DecodeHelper	null	glideContext	null	file:///home/nima/Developer/AutoFixer/Evaluation/Projects/glide/library/src/main/java/com/bumptech/glide/load/engine/DecodeHelper.java	FIELD_NO_INIT	androidx.annotation.Nullable	com.bumptech.glide.load.engine.DecodeHelper	null
FIELD	com.bumptech.glide.load.engine.DecodeHelper	null	model	null	file:///home/nima/Developer/AutoFixer/Evaluation/Projects/glide/library/src/main/java/com/bumptech/glide/load/engine/DecodeHelper.java	FIELD_NO_INIT	androidx.annotation.Nullable	com.bumptech.glide.load.engine.DecodeHelper	null
FIELD	com.bumptech.glide.load.engine.DecodeHelper	null	resourceClass	null	file:///home/nima/Developer/AutoFixer/Evaluation/Projects/glide/library/src/main/java/com/bumptech/glide/load/engine/DecodeHelper.java	FIELD_NO_INIT	androidx.annotation.Nullable	com.bumptech.glide.load.engine.DecodeHelper	null
FIELD	com.bumptech.glide.load.engine.DecodeHelper	null	diskCacheProvider	null	file:///home/nima/Developer/AutoFixer/Evaluation/Projects/glide/library/src/main/java/com/bumptech/glide/load/engine/DecodeHelper.java	FIELD_NO_INIT	androidx.annotation.Nullable	com.bumptech.glide.load.engine.DecodeHelper	null
FIELD	com.bumptech.glide.load.engine.DecodeHelper	null	options	null	file:///home/nima/Developer/AutoFixer/Evaluation/Projects/glide/library/src/main/java/com/bumptech/glide/load/engine/DecodeHelper.java	FIELD_NO_INIT	androidx.annotation.Nullable	com.bumptech.glide.load.engine.DecodeHelper	null
FIELD	com.bumptech.glide.load.engine.DecodeHelper	null	transformations	null	file:///home/nima/Developer/AutoFixer/Evaluation/Projects/glide/library/src/main/java/com/bumptech/glide/load/engine/DecodeHelper.java	FIELD_NO_INIT	androidx.annotation.Nullable	com.bumptech.glide.load.engine.DecodeHelper	null
FIELD	com.bumptech.glide.load.engine.DecodeHelper	null	transcodeClass	null	file:///home/nima/Developer/AutoFixer/Evaluation/Projects/glide/library/src/main/java/com/bumptech/glide/load/engine/DecodeHelper.java	FIELD_NO_INIT	androidx.annotation.Nullable	com.bumptech.glide.load.engine.DecodeHelper	null
FIELD	com.bumptech.glide.load.engine.DecodeHelper	null	signature	null	file:///home/nima/Developer/AutoFixer/Evaluation/Projects/glide/library/src/main/java/com/bumptech/glide/load/engine/DecodeHelper.java	FIELD_NO_INIT	androidx.annotation.Nullable	com.bumptech.glide.load.engine.DecodeHelper	null
FIELD	com.bumptech.glide.load.engine.DecodeHelper	null	priority	null	file:///home/nima/Developer/AutoFixer/Evaluation/Projects/glide/library/src/main/java/com/bumptech/glide/load/engine/DecodeHelper.java	FIELD_NO_INIT	androidx.annotation.Nullable	com.bumptech.glide.load.engine.DecodeHelper	null
FIELD	com.bumptech.glide.load.engine.DecodeHelper	null	diskCacheStrategy	null	file:///home/nima/Developer/AutoFixer/Evaluation/Projects/glide/library/src/main/java/com/bumptech/glide/load/engine/DecodeHelper.java	FIELD_NO_INIT	androidx.annotation.Nullable	com.bumptech.glide.load.engine.DecodeHelper	null
FIELD	com.bumptech.glide.load.engine.DecodeHelper	null	glideContext	null	file:///home/nima/Developer/AutoFixer/Evaluation/Projects/glide/library/src/main/java/com/bumptech/glide/load/engine/DecodeHelper.java	ASSIGN_FIELD_NULLABLE	androidx.annotation.Nullable	com.bumptech.glide.load.engine.DecodeHelper	clear()
FIELD	com.bumptech.glide.load.engine.DecodeHelper	null	model	null	file:///home/nima/Developer/AutoFixer/Evaluation/Projects/glide/library/src/main/java/com/bumptech/glide/load/engine/DecodeHelper.java	ASSIGN_FIELD_NULLABLE	androidx.annotation.Nullable	com.bumptech.glide.load.engine.DecodeHelper	clear()
FIELD	com.bumptech.glide.load.engine.DecodeHelper	null	signature	null	file:///home/nima/Developer/AutoFixer/Evaluation/Projects/glide/library/src/main/java/com/bumptech/glide/load/engine/DecodeHelper.java	ASSIGN_FIELD_NULLABLE	androidx.annotation.Nullable	com.bumptech.glide.load.engine.DecodeHelper	clear()
FIELD	com.bumptech.glide.load.engine.DecodeHelper	null	resourceClass	null	file:///home/nima/Developer/AutoFixer/Evaluation/Projects/glide/library/src/main/java/com/bumptech/glide/load/engine/DecodeHelper.java	ASSIGN_FIELD_NULLABLE	androidx.annotation.Nullable	com.bumptech.glide.load.engine.DecodeHelper	clear()
FIELD	com.bumptech.glide.load.engine.DecodeHelper	null	transcodeClass	null	file:///home/nima/Developer/AutoFixer/Evaluation/Projects/glide/library/src/main/java/com/bumptech/glide/load/engine/DecodeHelper.java	ASSIGN_FIELD_NULLABLE	androidx.annotation.Nullable	com.bumptech.glide.load.engine.DecodeHelper	clear()
FIELD	com.bumptech.glide.load.engine.DecodeHelper	null	options	null	file:///home/nima/Developer/AutoFixer/Evaluation/Projects/glide/library/src/main/java/com/bumptech/glide/load/engine/DecodeHelper.java	ASSIGN_FIELD_NULLABLE	androidx.annotation.Nullable	com.bumptech.glide.load.engine.DecodeHelper	clear()
FIELD	com.bumptech.glide.load.engine.DecodeHelper	null	priority	null	file:///home/nima/Developer/AutoFixer/Evaluation/Projects/glide/library/src/main/java/com/bumptech/glide/load/engine/DecodeHelper.java	ASSIGN_FIELD_NULLABLE	androidx.annotation.Nullable	com.bumptech.glide.load.engine.DecodeHelper	clear()
FIELD	com.bumptech.glide.load.engine.DecodeHelper	null	transformations	null	file:///home/nima/Developer/AutoFixer/Evaluation/Projects/glide/library/src/main/java/com/bumptech/glide/load/engine/DecodeHelper.java	ASSIGN_FIELD_NULLABLE	androidx.annotation.Nullable	com.bumptech.glide.load.engine.DecodeHelper	clear()
FIELD	com.bumptech.glide.load.engine.DecodeHelper	null	diskCacheStrategy	null	file:///home/nima/Developer/AutoFixer/Evaluation/Projects/glide/library/src/main/java/com/bumptech/glide/load/engine/DecodeHelper.java	ASSIGN_FIELD_NULLABLE	androidx.annotation.Nullable	com.bumptech.glide.load.engine.DecodeHelper	clear()
METHOD	com.bumptech.glide.load.engine.DecodeHelper	<Data>getLoadPath(java.lang.Class<Data>)	null	null	file:///home/nima/Developer/AutoFixer/Evaluation/Projects/glide/library/src/main/java/com/bumptech/glide/load/engine/DecodeHelper.java	RETURN_NULLABLE	androidx.annotation.Nullable	com.bumptech.glide.load.engine.DecodeHelper	<Data>getLoadPath(java.lang.Class<Data>)
FIELD	com.bumptech.glide.load.engine.LockedResource	null	toWrap	null	file:///home/nima/Developer/AutoFixer/Evaluation/Projects/glide/library/src/main/java/com/bumptech/glide/load/engine/LockedResource.java	METHOD_NO_INIT	androidx.annotation.Nullable	com.bumptech.glide.load.engine.LockedResource	null
FIELD	com.bumptech.glide.load.engine.LockedResource	null	toWrap	null	file:///home/nima/Developer/AutoFixer/Evaluation/Projects/glide/library/src/main/java/com/bumptech/glide/load/engine/LockedResource.java	ASSIGN_FIELD_NULLABLE	androidx.annotation.Nullable	com.bumptech.glide.load.engine.LockedResource	release()
METHOD	com.bumptech.glide.load.resource.gif.GifFrameResourceDecoder	decode(com.bumptech.glide.gifdecoder.GifDecoder,int,int,com.bumptech.glide.load.Options)	null	null	file:///home/nima/Developer/AutoFixer/Evaluation/Projects/glide/library/src/main/java/com/bumptech/glide/load/resource/gif/GifFrameResourceDecoder.java	RETURN_NULLABLE	androidx.annotation.Nullable	com.bumptech.glide.load.resource.gif.GifFrameResourceDecoder	decode(com.bumptech.glide.gifdecoder.GifDecoder,int,int,com.bumptech.glide.load.Options)
METHOD	com.bumptech.glide.load.resource.gif.ByteBufferGifDecoder	decode(java.nio.ByteBuffer,int,int,com.bumptech.glide.load.Options)	null	null	file:///home/nima/Developer/AutoFixer/Evaluation/Projects/glide/library/src/main/java/com/bumptech/glide/load/resource/gif/ByteBufferGifDecoder.java	RETURN_NULLABLE	androidx.annotation.Nullable	com.bumptech.glide.load.resource.gif.ByteBufferGifDecoder	decode(java.nio.ByteBuffer,int,int,com.bumptech.glide.load.Options)
METHOD	com.bumptech.glide.load.resource.gif.StreamGifDecoder	decode(java.io.InputStream,int,int,com.bumptech.glide.load.Options)	null	null	file:///home/nima/Developer/AutoFixer/Evaluation/Projects/glide/library/src/main/java/com/bumptech/glide/load/resource/gif/StreamGifDecoder.java	RETURN_NULLABLE	androidx.annotation.Nullable	com.bumptech.glide.load.resource.gif.StreamGifDecoder	decode(java.io.InputStream,int,int,com.bumptech.glide.load.Options)
METHOD	com.bumptech.glide.load.resource.gif.StreamGifDecoder	decode(java.io.InputStream,int,int,com.bumptech.glide.load.Options)	null	null	file:///home/nima/Developer/AutoFixer/Evaluation/Projects/glide/library/src/main/java/com/bumptech/glide/load/resource/gif/StreamGifDecoder.java	RETURN_NULLABLE	androidx.annotation.Nullable	com.bumptech.glide.load.resource.gif.StreamGifDecoder	decode(java.io.InputStream,int,int,com.bumptech.glide.load.Options)
METHOD	com.bumptech.glide.load.resource.gif.StreamGifDecoder	inputStreamToBytes(java.io.InputStream)	null	null	file:///home/nima/Developer/AutoFixer/Evaluation/Projects/glide/library/src/main/java/com/bumptech/glide/load/resource/gif/StreamGifDecoder.java	RETURN_NULLABLE	androidx.annotation.Nullable	com.bumptech.glide.load.resource.gif.StreamGifDecoder	inputStreamToBytes(java.io.InputStream)
FIELD	com.bumptech.glide.request.transition.DrawableCrossFadeFactory	null	resourceTransition	null	file:///home/nima/Developer/AutoFixer/Evaluation/Projects/glide/library/src/main/java/com/bumptech/glide/request/transition/DrawableCrossFadeFactory.java	METHOD_NO_INIT	androidx.annotation.Nullable	com.bumptech.glide.request.transition.DrawableCrossFadeFactory	null
METHOD	com.bumptech.glide.load.resource.bitmap.LazyBitmapDrawableResource	obtain(android.content.Context,android.graphics.Bitmap)	null	null	file:///home/nima/Developer/AutoFixer/Evaluation/Projects/glide/library/src/main/java/com/bumptech/glide/load/resource/bitmap/LazyBitmapDrawableResource.java	RETURN_NULLABLE	androidx.annotation.Nullable	com.bumptech.glide.load.resource.bitmap.LazyBitmapDrawableResource	obtain(android.content.Context,android.graphics.Bitmap)
METHOD	com.bumptech.glide.load.resource.bitmap.LazyBitmapDrawableResource	obtain(android.content.res.Resources,com.bumptech.glide.load.engine.bitmap_recycle.BitmapPool,android.graphics.Bitmap)	null	null	file:///home/nima/Developer/AutoFixer/Evaluation/Projects/glide/library/src/main/java/com/bumptech/glide/load/resource/bitmap/LazyBitmapDrawableResource.java	RETURN_NULLABLE	androidx.annotation.Nullable	com.bumptech.glide.load.resource.bitmap.LazyBitmapDrawableResource	obtain(android.content.res.Resources,com.bumptech.glide.load.engine.bitmap_recycle.BitmapPool,android.graphics.Bitmap)
METHOD	com.bumptech.glide.load.resource.bitmap.VideoDecoder	decode(T,int,int,com.bumptech.glide.load.Options)	null	null	file:///home/nima/Developer/AutoFixer/Evaluation/Projects/glide/library/src/main/java/com/bumptech/glide/load/resource/bitmap/VideoDecoder.java	RETURN_NULLABLE	androidx.annotation.Nullable	com.bumptech.glide.load.resource.bitmap.VideoDecoder	decode(T,int,int,com.bumptech.glide.load.Options)
PARAMETER	com.bumptech.glide.load.resource.bitmap.Downsampler	decodeFromWrappedStreams(com.bumptech.glide.load.resource.bitmap.ImageReader,android.graphics.BitmapFactory.Options,com.bumptech.glide.load.resource.bitmap.DownsampleStrategy,com.bumptech.glide.load.DecodeFormat,com.bumptech.glide.load.PreferredColorSpace,boolean,int,int,boolean,com.bumptech.glide.load.resource.bitmap.Downsampler.DecodeCallbacks)	downsampleStrategy	2	file:///home/nima/Developer/AutoFixer/Evaluation/Projects/glide/library/src/main/java/com/bumptech/glide/load/resource/bitmap/Downsampler.java	PASS_NULLABLE	androidx.annotation.Nullable	com.bumptech.glide.load.resource.bitmap.Downsampler	decode(com.bumptech.glide.load.resource.bitmap.ImageReader,int,int,com.bumptech.glide.load.Options,com.bumptech.glide.load.resource.bitmap.Downsampler.DecodeCallbacks)
PARAMETER	com.bumptech.glide.load.resource.bitmap.Downsampler	decodeFromWrappedStreams(com.bumptech.glide.load.resource.bitmap.ImageReader,android.graphics.BitmapFactory.Options,com.bumptech.glide.load.resource.bitmap.DownsampleStrategy,com.bumptech.glide.load.DecodeFormat,com.bumptech.glide.load.PreferredColorSpace,boolean,int,int,boolean,com.bumptech.glide.load.resource.bitmap.Downsampler.DecodeCallbacks)	decodeFormat	3	file:///home/nima/Developer/AutoFixer/Evaluation/Projects/glide/library/src/main/java/com/bumptech/glide/load/resource/bitmap/Downsampler.java	PASS_NULLABLE	androidx.annotation.Nullable	com.bumptech.glide.load.resource.bitmap.Downsampler	decode(com.bumptech.glide.load.resource.bitmap.ImageReader,int,int,com.bumptech.glide.load.Options,com.bumptech.glide.load.resource.bitmap.Downsampler.DecodeCallbacks)
PARAMETER	com.bumptech.glide.load.resource.bitmap.Downsampler	decodeFromWrappedStreams(com.bumptech.glide.load.resource.bitmap.ImageReader,android.graphics.BitmapFactory.Options,com.bumptech.glide.load.resource.bitmap.DownsampleStrategy,com.bumptech.glide.load.DecodeFormat,com.bumptech.glide.load.PreferredColorSpace,boolean,int,int,boolean,com.bumptech.glide.load.resource.bitmap.Downsampler.DecodeCallbacks)	preferredColorSpace	4	file:///home/nima/Developer/AutoFixer/Evaluation/Projects/glide/library/src/main/java/com/bumptech/glide/load/resource/bitmap/Downsampler.java	PASS_NULLABLE	androidx.annotation.Nullable	com.bumptech.glide.load.resource.bitmap.Downsampler	decode(com.bumptech.glide.load.resource.bitmap.ImageReader,int,int,com.bumptech.glide.load.Options,com.bumptech.glide.load.resource.bitmap.Downsampler.DecodeCallbacks)
METHOD	com.bumptech.glide.load.resource.bitmap.Downsampler	decode(com.bumptech.glide.load.resource.bitmap.ImageReader,int,int,com.bumptech.glide.load.Options,com.bumptech.glide.load.resource.bitmap.Downsampler.DecodeCallbacks)	null	null	file:///home/nima/Developer/AutoFixer/Evaluation/Projects/glide/library/src/main/java/com/bumptech/glide/load/resource/bitmap/Downsampler.java	RETURN_NULLABLE	androidx.annotation.Nullable	com.bumptech.glide.load.resource.bitmap.Downsampler	decode(com.bumptech.glide.load.resource.bitmap.ImageReader,int,int,com.bumptech.glide.load.Options,com.bumptech.glide.load.resource.bitmap.Downsampler.DecodeCallbacks)
METHOD	com.bumptech.glide.load.resource.bitmap.Downsampler	decodeFromWrappedStreams(com.bumptech.glide.load.resource.bitmap.ImageReader,android.graphics.BitmapFactory.Options,com.bumptech.glide.load.resource.bitmap.DownsampleStrategy,com.bumptech.glide.load.DecodeFormat,com.bumptech.glide.load.PreferredColorSpace,boolean,int,int,boolean,com.bumptech.glide.load.resource.bitmap.Downsampler.DecodeCallbacks)	null	null	file:///home/nima/Developer/AutoFixer/Evaluation/Projects/glide/library/src/main/java/com/bumptech/glide/load/resource/bitmap/Downsampler.java	RETURN_NULLABLE	androidx.annotation.Nullable	com.bumptech.glide.load.resource.bitmap.Downsampler	decodeFromWrappedStreams(com.bumptech.glide.load.resource.bitmap.ImageReader,android.graphics.BitmapFactory.Options,com.bumptech.glide.load.resource.bitmap.DownsampleStrategy,com.bumptech.glide.load.DecodeFormat,com.bumptech.glide.load.PreferredColorSpace,boolean,int,int,boolean,com.bumptech.glide.load.resource.bitmap.Downsampler.DecodeCallbacks)
METHOD	com.bumptech.glide.load.resource.bitmap.Downsampler	decodeStream(com.bumptech.glide.load.resource.bitmap.ImageReader,android.graphics.BitmapFactory.Options,com.bumptech.glide.load.resource.bitmap.Downsampler.DecodeCallbacks,com.bumptech.glide.load.engine.bitmap_recycle.BitmapPool)	null	null	file:///home/nima/Developer/AutoFixer/Evaluation/Projects/glide/library/src/main/java/com/bumptech/glide/load/resource/bitmap/Downsampler.java	RETURN_NULLABLE	androidx.annotation.Nullable	com.bumptech.glide.load.resource.bitmap.Downsampler	decodeStream(com.bumptech.glide.load.resource.bitmap.ImageReader,android.graphics.BitmapFactory.Options,com.bumptech.glide.load.resource.bitmap.Downsampler.DecodeCallbacks,com.bumptech.glide.load.engine.bitmap_recycle.BitmapPool)
METHOD	com.bumptech.glide.load.resource.bitmap.Downsampler	getInBitmapString(android.graphics.BitmapFactory.Options)	null	null	file:///home/nima/Developer/AutoFixer/Evaluation/Projects/glide/library/src/main/java/com/bumptech/glide/load/resource/bitmap/Downsampler.java	RETURN_NULLABLE	androidx.annotation.Nullable	com.bumptech.glide.load.resource.bitmap.Downsampler	getInBitmapString(android.graphics.BitmapFactory.Options)
FIELD	com.bumptech.glide.load.resource.bitmap.HardwareConfigState	null	instance	null	file:///home/nima/Developer/AutoFixer/Evaluation/Projects/glide/library/src/main/java/com/bumptech/glide/load/resource/bitmap/HardwareConfigState.java	FIELD_NO_INIT	androidx.annotation.Nullable	com.bumptech.glide.load.resource.bitmap.HardwareConfigState	null
FIELD	com.bumptech.glide.load.resource.bitmap.RecyclableBufferedInputStream	null	buf	null	file:///home/nima/Developer/AutoFixer/Evaluation/Projects/glide/library/src/main/java/com/bumptech/glide/load/resource/bitmap/RecyclableBufferedInputStream.java	ASSIGN_FIELD_NULLABLE	androidx.annotation.Nullable	com.bumptech.glide.load.resource.bitmap.RecyclableBufferedInputStream	release()
FIELD	com.bumptech.glide.load.resource.bitmap.RecyclableBufferedInputStream	null	buf	null	file:///home/nima/Developer/AutoFixer/Evaluation/Projects/glide/library/src/main/java/com/bumptech/glide/load/resource/bitmap/RecyclableBufferedInputStream.java	ASSIGN_FIELD_NULLABLE	androidx.annotation.Nullable	com.bumptech.glide.load.resource.bitmap.RecyclableBufferedInputStream	close()
FIELD	com.bumptech.glide.util.ExceptionPassthroughInputStream	null	wrapped	null	file:///home/nima/Developer/AutoFixer/Evaluation/Projects/glide/library/src/main/java/com/bumptech/glide/util/ExceptionPassthroughInputStream.java	METHOD_NO_INIT	androidx.annotation.Nullable	com.bumptech.glide.util.ExceptionPassthroughInputStream	null
FIELD	com.bumptech.glide.util.ExceptionPassthroughInputStream	null	exception	null	file:///home/nima/Developer/AutoFixer/Evaluation/Projects/glide/library/src/main/java/com/bumptech/glide/util/ExceptionPassthroughInputStream.java	METHOD_NO_INIT	androidx.annotation.Nullable	com.bumptech.glide.util.ExceptionPassthroughInputStream	null
FIELD	com.bumptech.glide.util.ExceptionPassthroughInputStream	null	exception	null	file:///home/nima/Developer/AutoFixer/Evaluation/Projects/glide/library/src/main/java/com/bumptech/glide/util/ExceptionPassthroughInputStream.java	ASSIGN_FIELD_NULLABLE	androidx.annotation.Nullable	com.bumptech.glide.util.ExceptionPassthroughInputStream	release()
FIELD	com.bumptech.glide.util.ExceptionPassthroughInputStream	null	wrapped	null	file:///home/nima/Developer/AutoFixer/Evaluation/Projects/glide/library/src/main/java/com/bumptech/glide/util/ExceptionPassthroughInputStream.java	ASSIGN_FIELD_NULLABLE	androidx.annotation.Nullable	com.bumptech.glide.util.ExceptionPassthroughInputStream	release()
METHOD	com.bumptech.glide.load.resource.bitmap.DrawableTransformation	newDrawableResource(android.content.Context,com.bumptech.glide.load.engine.Resource<android.graphics.Bitmap>)	null	null	file:///home/nima/Developer/AutoFixer/Evaluation/Projects/glide/library/src/main/java/com/bumptech/glide/load/resource/bitmap/DrawableTransformation.java	RETURN_NULLABLE	androidx.annotation.Nullable	com.bumptech.glide.load.resource.bitmap.DrawableTransformation	newDrawableResource(android.content.Context,com.bumptech.glide.load.engine.Resource<android.graphics.Bitmap>)
METHOD	com.bumptech.glide.load.resource.bitmap.BitmapDrawableDecoder	decode(DataType,int,int,com.bumptech.glide.load.Options)	null	null	file:///home/nima/Developer/AutoFixer/Evaluation/Projects/glide/library/src/main/java/com/bumptech/glide/load/resource/bitmap/BitmapDrawableDecoder.java	RETURN_NULLABLE	androidx.annotation.Nullable	com.bumptech.glide.load.resource.bitmap.BitmapDrawableDecoder	decode(DataType,int,int,com.bumptech.glide.load.Options)
FIELD	com.bumptech.glide.load.resource.DefaultOnHeaderDecodedListener	null	decodeFormat	null	file:///home/nima/Developer/AutoFixer/Evaluation/Projects/glide/library/src/main/java/com/bumptech/glide/load/resource/DefaultOnHeaderDecodedListener.java	ASSIGN_FIELD_NULLABLE	androidx.annotation.Nullable	com.bumptech.glide.load.resource.DefaultOnHeaderDecodedListener	DefaultOnHeaderDecodedListener(int,int,com.bumptech.glide.load.Options)
FIELD	com.bumptech.glide.load.resource.DefaultOnHeaderDecodedListener	null	strategy	null	file:///home/nima/Developer/AutoFixer/Evaluation/Projects/glide/library/src/main/java/com/bumptech/glide/load/resource/DefaultOnHeaderDecodedListener.java	ASSIGN_FIELD_NULLABLE	androidx.annotation.Nullable	com.bumptech.glide.load.resource.DefaultOnHeaderDecodedListener	DefaultOnHeaderDecodedListener(int,int,com.bumptech.glide.load.Options)
FIELD	com.bumptech.glide.load.resource.DefaultOnHeaderDecodedListener	null	preferredColorSpace	null	file:///home/nima/Developer/AutoFixer/Evaluation/Projects/glide/library/src/main/java/com/bumptech/glide/load/resource/DefaultOnHeaderDecodedListener.java	ASSIGN_FIELD_NULLABLE	androidx.annotation.Nullable	com.bumptech.glide.load.resource.DefaultOnHeaderDecodedListener	DefaultOnHeaderDecodedListener(int,int,com.bumptech.glide.load.Options)
FIELD	com.bumptech.glide.load.engine.DataCacheGenerator	null	sourceKey	null	file:///home/nima/Developer/AutoFixer/Evaluation/Projects/glide/library/src/main/java/com/bumptech/glide/load/engine/DataCacheGenerator.java	METHOD_NO_INIT	androidx.annotation.Nullable	com.bumptech.glide.load.engine.DataCacheGenerator	null
FIELD	com.bumptech.glide.load.engine.DataCacheGenerator	null	modelLoaders	null	file:///home/nima/Developer/AutoFixer/Evaluation/Projects/glide/library/src/main/java/com/bumptech/glide/load/engine/DataCacheGenerator.java	METHOD_NO_INIT	androidx.annotation.Nullable	com.bumptech.glide.load.engine.DataCacheGenerator	null
FIELD	com.bumptech.glide.load.engine.DataCacheGenerator	null	loadData	null	file:///home/nima/Developer/AutoFixer/Evaluation/Projects/glide/library/src/main/java/com/bumptech/glide/load/engine/DataCacheGenerator.java	METHOD_NO_INIT	androidx.annotation.Nullable	com.bumptech.glide.load.engine.DataCacheGenerator	null
FIELD	com.bumptech.glide.load.engine.DataCacheGenerator	null	cacheFile	null	file:///home/nima/Developer/AutoFixer/Evaluation/Projects/glide/library/src/main/java/com/bumptech/glide/load/engine/DataCacheGenerator.java	METHOD_NO_INIT	androidx.annotation.Nullable	com.bumptech.glide.load.engine.DataCacheGenerator	null
FIELD	com.bumptech.glide.load.engine.DataCacheGenerator	null	cacheFile	null	file:///home/nima/Developer/AutoFixer/Evaluation/Projects/glide/library/src/main/java/com/bumptech/glide/load/engine/DataCacheGenerator.java	ASSIGN_FIELD_NULLABLE	androidx.annotation.Nullable	com.bumptech.glide.load.engine.DataCacheGenerator	startNext()
FIELD	com.bumptech.glide.load.engine.DataCacheGenerator	null	loadData	null	file:///home/nima/Developer/AutoFixer/Evaluation/Projects/glide/library/src/main/java/com/bumptech/glide/load/engine/DataCacheGenerator.java	ASSIGN_FIELD_NULLABLE	androidx.annotation.Nullable	com.bumptech.glide.load.engine.DataCacheGenerator	startNext()
FIELD	com.bumptech.glide.load.engine.DataCacheGenerator	null	loadData	null	file:///home/nima/Developer/AutoFixer/Evaluation/Projects/glide/library/src/main/java/com/bumptech/glide/load/engine/DataCacheGenerator.java	ASSIGN_FIELD_NULLABLE	androidx.annotation.Nullable	com.bumptech.glide.load.engine.DataCacheGenerator	startNext()
PARAMETER	com.bumptech.glide.load.engine.DataCacheGenerator	onDataReady(java.lang.Object)	data	0	file:///home/nima/Developer/AutoFixer/Evaluation/Projects/glide/library/src/main/java/com/bumptech/glide/load/engine/DataCacheGenerator.java	WRONG_OVERRIDE_PARAM	androidx.annotation.Nullable	com.bumptech.glide.load.engine.DataCacheGenerator	onDataReady(java.lang.Object)
METHOD	com.bumptech.glide.load.engine.cache.DiskLruCacheFactory	build()	null	null	file:///home/nima/Developer/AutoFixer/Evaluation/Projects/glide/library/src/main/java/com/bumptech/glide/load/engine/cache/DiskLruCacheFactory.java	RETURN_NULLABLE	androidx.annotation.Nullable	com.bumptech.glide.load.engine.cache.DiskLruCacheFactory	build()
METHOD	com.bumptech.glide.load.engine.cache.DiskLruCacheFactory	build()	null	null	file:///home/nima/Developer/AutoFixer/Evaluation/Projects/glide/library/src/main/java/com/bumptech/glide/load/engine/cache/DiskLruCacheFactory.java	RETURN_NULLABLE	androidx.annotation.Nullable	com.bumptech.glide.load.engine.cache.DiskLruCacheFactory	build()
METHOD	<anonymous com.bumptech.glide.load.engine.cache.ExternalPreferredCacheDiskCacheFactory$1>	getCacheDirectory()	null	null	file:///home/nima/Developer/AutoFixer/Evaluation/Projects/glide/library/src/main/java/com/bumptech/glide/load/engine/cache/ExternalPreferredCacheDiskCacheFactory.java	RETURN_NULLABLE	androidx.annotation.Nullable	<anonymous com.bumptech.glide.load.engine.cache.ExternalPreferredCacheDiskCacheFactory$1>	getCacheDirectory()
METHOD	<anonymous com.bumptech.glide.load.engine.cache.ExternalCacheDiskCacheFactory$1>	getCacheDirectory()	null	null	file:///home/nima/Developer/AutoFixer/Evaluation/Projects/glide/library/src/main/java/com/bumptech/glide/load/engine/cache/ExternalCacheDiskCacheFactory.java	RETURN_NULLABLE	androidx.annotation.Nullable	<anonymous com.bumptech.glide.load.engine.cache.ExternalCacheDiskCacheFactory$1>	getCacheDirectory()
FIELD	com.bumptech.glide.load.engine.cache.LruResourceCache	null	listener	null	file:///home/nima/Developer/AutoFixer/Evaluation/Projects/glide/library/src/main/java/com/bumptech/glide/load/engine/cache/LruResourceCache.java	METHOD_NO_INIT	androidx.annotation.Nullable	com.bumptech.glide.load.engine.cache.LruResourceCache	null
METHOD	com.bumptech.glide.load.engine.cache.DiskCacheAdapter	get(com.bumptech.glide.load.Key)	null	null	file:///home/nima/Developer/AutoFixer/Evaluation/Projects/glide/library/src/main/java/com/bumptech/glide/load/engine/cache/DiskCacheAdapter.java	RETURN_NULLABLE	androidx.annotation.Nullable	com.bumptech.glide.load.engine.cache.DiskCacheAdapter	get(com.bumptech.glide.load.Key)
METHOD	<anonymous com.bumptech.glide.load.engine.cache.InternalCacheDiskCacheFactory$1>	getCacheDirectory()	null	null	file:///home/nima/Developer/AutoFixer/Evaluation/Projects/glide/library/src/main/java/com/bumptech/glide/load/engine/cache/InternalCacheDiskCacheFactory.java	RETURN_NULLABLE	androidx.annotation.Nullable	<anonymous com.bumptech.glide.load.engine.cache.InternalCacheDiskCacheFactory$1>	getCacheDirectory()
FIELD	com.bumptech.glide.load.engine.cache.DiskLruCacheWrapper	null	diskLruCache	null	file:///home/nima/Developer/AutoFixer/Evaluation/Projects/glide/library/src/main/java/com/bumptech/glide/load/engine/cache/DiskLruCacheWrapper.java	METHOD_NO_INIT	androidx.annotation.Nullable	com.bumptech.glide.load.engine.cache.DiskLruCacheWrapper	null
FIELD	com.bumptech.glide.load.engine.cache.DiskLruCacheWrapper	null	wrapper	null	file:///home/nima/Developer/AutoFixer/Evaluation/Projects/glide/library/src/main/java/com/bumptech/glide/load/engine/cache/DiskLruCacheWrapper.java	FIELD_NO_INIT	androidx.annotation.Nullable	com.bumptech.glide.load.engine.cache.DiskLruCacheWrapper	null
METHOD	com.bumptech.glide.load.engine.cache.DiskLruCacheWrapper	get(com.bumptech.glide.load.Key)	null	null	file:///home/nima/Developer/AutoFixer/Evaluation/Projects/glide/library/src/main/java/com/bumptech/glide/load/engine/cache/DiskLruCacheWrapper.java	RETURN_NULLABLE	androidx.annotation.Nullable	com.bumptech.glide.load.engine.cache.DiskLruCacheWrapper	get(com.bumptech.glide.load.Key)
FIELD	com.bumptech.glide.load.engine.cache.DiskLruCacheWrapper	null	diskLruCache	null	file:///home/nima/Developer/AutoFixer/Evaluation/Projects/glide/library/src/main/java/com/bumptech/glide/load/engine/cache/DiskLruCacheWrapper.java	ASSIGN_FIELD_NULLABLE	androidx.annotation.Nullable	com.bumptech.glide.load.engine.cache.DiskLruCacheWrapper	resetDiskCache()
FIELD	com.bumptech.glide.load.engine.cache.MemoryCacheAdapter	null	listener	null	file:///home/nima/Developer/AutoFixer/Evaluation/Projects/glide/library/src/main/java/com/bumptech/glide/load/engine/cache/MemoryCacheAdapter.java	FIELD_NO_INIT	androidx.annotation.Nullable	com.bumptech.glide.load.engine.cache.MemoryCacheAdapter	null
FIELD	com.bumptech.glide.load.engine.SourceGenerator	null	sourceCacheGenerator	null	file:///home/nima/Developer/AutoFixer/Evaluation/Projects/glide/library/src/main/java/com/bumptech/glide/load/engine/SourceGenerator.java	METHOD_NO_INIT	androidx.annotation.Nullable	com.bumptech.glide.load.engine.SourceGenerator	null
FIELD	com.bumptech.glide.load.engine.SourceGenerator	null	dataToCache	null	file:///home/nima/Developer/AutoFixer/Evaluation/Projects/glide/library/src/main/java/com/bumptech/glide/load/engine/SourceGenerator.java	METHOD_NO_INIT	androidx.annotation.Nullable	com.bumptech.glide.load.engine.SourceGenerator	null
FIELD	com.bumptech.glide.load.engine.SourceGenerator	null	loadData	null	file:///home/nima/Developer/AutoFixer/Evaluation/Projects/glide/library/src/main/java/com/bumptech/glide/load/engine/SourceGenerator.java	METHOD_NO_INIT	androidx.annotation.Nullable	com.bumptech.glide.load.engine.SourceGenerator	null
FIELD	com.bumptech.glide.load.engine.SourceGenerator	null	originalKey	null	file:///home/nima/Developer/AutoFixer/Evaluation/Projects/glide/library/src/main/java/com/bumptech/glide/load/engine/SourceGenerator.java	METHOD_NO_INIT	androidx.annotation.Nullable	com.bumptech.glide.load.engine.SourceGenerator	null
FIELD	com.bumptech.glide.load.engine.SourceGenerator	null	dataToCache	null	file:///home/nima/Developer/AutoFixer/Evaluation/Projects/glide/library/src/main/java/com/bumptech/glide/load/engine/SourceGenerator.java	ASSIGN_FIELD_NULLABLE	androidx.annotation.Nullable	com.bumptech.glide.load.engine.SourceGenerator	startNext()
FIELD	com.bumptech.glide.load.engine.SourceGenerator	null	sourceCacheGenerator	null	file:///home/nima/Developer/AutoFixer/Evaluation/Projects/glide/library/src/main/java/com/bumptech/glide/load/engine/SourceGenerator.java	ASSIGN_FIELD_NULLABLE	androidx.annotation.Nullable	com.bumptech.glide.load.engine.SourceGenerator	startNext()
FIELD	com.bumptech.glide.load.engine.SourceGenerator	null	loadData	null	file:///home/nima/Developer/AutoFixer/Evaluation/Projects/glide/library/src/main/java/com/bumptech/glide/load/engine/SourceGenerator.java	ASSIGN_FIELD_NULLABLE	androidx.annotation.Nullable	com.bumptech.glide.load.engine.SourceGenerator	startNext()
PARAMETER	com.bumptech.glide.load.engine.SourceGenerator	onDataReadyInternal(com.bumptech.glide.load.model.ModelLoader.LoadData<?>,java.lang.Object)	data	1	file:///home/nima/Developer/AutoFixer/Evaluation/Projects/glide/library/src/main/java/com/bumptech/glide/load/engine/SourceGenerator.java	PASS_NULLABLE	androidx.annotation.Nullable	<anonymous com.bumptech.glide.load.engine.SourceGenerator$1>	onDataReady(java.lang.Object)
PARAMETER	com.bumptech.glide.load.engine.SourceGenerator	onDataFetcherReady(com.bumptech.glide.load.Key,java.lang.Object,com.bumptech.glide.load.data.DataFetcher<?>,com.bumptech.glide.load.DataSource,com.bumptech.glide.load.Key)	data	1	file:///home/nima/Developer/AutoFixer/Evaluation/Projects/glide/library/src/main/java/com/bumptech/glide/load/engine/SourceGenerator.java	WRONG_OVERRIDE_PARAM	androidx.annotation.Nullable	com.bumptech.glide.load.engine.SourceGenerator	onDataFetcherReady(com.bumptech.glide.load.Key,java.lang.Object,com.bumptech.glide.load.data.DataFetcher<?>,com.bumptech.glide.load.DataSource,com.bumptech.glide.load.Key)
FIELD	com.bumptech.glide.load.engine.ResourceCacheGenerator	null	sourceKey	null	file:///home/nima/Developer/AutoFixer/Evaluation/Projects/glide/library/src/main/java/com/bumptech/glide/load/engine/ResourceCacheGenerator.java	METHOD_NO_INIT	androidx.annotation.Nullable	com.bumptech.glide.load.engine.ResourceCacheGenerator	null
FIELD	com.bumptech.glide.load.engine.ResourceCacheGenerator	null	modelLoaders	null	file:///home/nima/Developer/AutoFixer/Evaluation/Projects/glide/library/src/main/java/com/bumptech/glide/load/engine/ResourceCacheGenerator.java	METHOD_NO_INIT	androidx.annotation.Nullable	com.bumptech.glide.load.engine.ResourceCacheGenerator	null
FIELD	com.bumptech.glide.load.engine.ResourceCacheGenerator	null	loadData	null	file:///home/nima/Developer/AutoFixer/Evaluation/Projects/glide/library/src/main/java/com/bumptech/glide/load/engine/ResourceCacheGenerator.java	METHOD_NO_INIT	androidx.annotation.Nullable	com.bumptech.glide.load.engine.ResourceCacheGenerator	null
FIELD	com.bumptech.glide.load.engine.ResourceCacheGenerator	null	cacheFile	null	file:///home/nima/Developer/AutoFixer/Evaluation/Projects/glide/library/src/main/java/com/bumptech/glide/load/engine/ResourceCacheGenerator.java	METHOD_NO_INIT	androidx.annotation.Nullable	com.bumptech.glide.load.engine.ResourceCacheGenerator	null
FIELD	com.bumptech.glide.load.engine.ResourceCacheGenerator	null	currentKey	null	file:///home/nima/Developer/AutoFixer/Evaluation/Projects/glide/library/src/main/java/com/bumptech/glide/load/engine/ResourceCacheGenerator.java	METHOD_NO_INIT	androidx.annotation.Nullable	com.bumptech.glide.load.engine.ResourceCacheGenerator	null
FIELD	com.bumptech.glide.load.engine.ResourceCacheGenerator	null	cacheFile	null	file:///home/nima/Developer/AutoFixer/Evaluation/Projects/glide/library/src/main/java/com/bumptech/glide/load/engine/ResourceCacheGenerator.java	ASSIGN_FIELD_NULLABLE	androidx.annotation.Nullable	com.bumptech.glide.load.engine.ResourceCacheGenerator	startNext()
FIELD	com.bumptech.glide.load.engine.ResourceCacheGenerator	null	loadData	null	file:///home/nima/Developer/AutoFixer/Evaluation/Projects/glide/library/src/main/java/com/bumptech/glide/load/engine/ResourceCacheGenerator.java	ASSIGN_FIELD_NULLABLE	androidx.annotation.Nullable	com.bumptech.glide.load.engine.ResourceCacheGenerator	startNext()
FIELD	com.bumptech.glide.load.engine.ResourceCacheGenerator	null	loadData	null	file:///home/nima/Developer/AutoFixer/Evaluation/Projects/glide/library/src/main/java/com/bumptech/glide/load/engine/ResourceCacheGenerator.java	ASSIGN_FIELD_NULLABLE	androidx.annotation.Nullable	com.bumptech.glide.load.engine.ResourceCacheGenerator	startNext()
PARAMETER	com.bumptech.glide.load.engine.ResourceCacheGenerator	onDataReady(java.lang.Object)	data	0	file:///home/nima/Developer/AutoFixer/Evaluation/Projects/glide/library/src/main/java/com/bumptech/glide/load/engine/ResourceCacheGenerator.java	WRONG_OVERRIDE_PARAM	androidx.annotation.Nullable	com.bumptech.glide.load.engine.ResourceCacheGenerator	onDataReady(java.lang.Object)
METHOD	com.bumptech.glide.load.engine.bitmap_recycle.AttributeStrategy	get(int,int,android.graphics.Bitmap.Config)	null	null	file:///home/nima/Developer/AutoFixer/Evaluation/Projects/glide/library/src/main/java/com/bumptech/glide/load/engine/bitmap_recycle/AttributeStrategy.java	RETURN_NULLABLE	androidx.annotation.Nullable	com.bumptech.glide.load.engine.bitmap_recycle.AttributeStrategy	get(int,int,android.graphics.Bitmap.Config)
METHOD	com.bumptech.glide.load.engine.bitmap_recycle.AttributeStrategy	removeLast()	null	null	file:///home/nima/Developer/AutoFixer/Evaluation/Projects/glide/library/src/main/java/com/bumptech/glide/load/engine/bitmap_recycle/AttributeStrategy.java	RETURN_NULLABLE	androidx.annotation.Nullable	com.bumptech.glide.load.engine.bitmap_recycle.AttributeStrategy	removeLast()
FIELD	com.bumptech.glide.load.engine.bitmap_recycle.AttributeStrategy.Key	null	config	null	file:///home/nima/Developer/AutoFixer/Evaluation/Projects/glide/library/src/main/java/com/bumptech/glide/load/engine/bitmap_recycle/AttributeStrategy.java	METHOD_NO_INIT	androidx.annotation.Nullable	com.bumptech.glide.load.engine.bitmap_recycle.AttributeStrategy	null
FIELD	com.bumptech.glide.load.engine.bitmap_recycle.GroupedLinkedMap.LinkedEntry	null	values	null	file:///home/nima/Developer/AutoFixer/Evaluation/Projects/glide/library/src/main/java/com/bumptech/glide/load/engine/bitmap_recycle/GroupedLinkedMap.java	METHOD_NO_INIT	androidx.annotation.Nullable	com.bumptech.glide.load.engine.bitmap_recycle.GroupedLinkedMap	null
PARAMETER	com.bumptech.glide.load.engine.bitmap_recycle.GroupedLinkedMap.LinkedEntry	LinkedEntry(K)	key	0	file:///home/nima/Developer/AutoFixer/Evaluation/Projects/glide/library/src/main/java/com/bumptech/glide/load/engine/bitmap_recycle/GroupedLinkedMap.java	PASS_NULLABLE	androidx.annotation.Nullable	com.bumptech.glide.load.engine.bitmap_recycle.GroupedLinkedMap.LinkedEntry	LinkedEntry()
PARAMETER	com.bumptech.glide.load.engine.bitmap_recycle.LruBitmapPool	assertNotHardwareConfig(android.graphics.Bitmap.Config)	config	0	file:///home/nima/Developer/AutoFixer/Evaluation/Projects/glide/library/src/main/java/com/bumptech/glide/load/engine/bitmap_recycle/LruBitmapPool.java	PASS_NULLABLE	androidx.annotation.Nullable	com.bumptech.glide.load.engine.bitmap_recycle.LruBitmapPool	getDirtyOrNull(int,int,android.graphics.Bitmap.Config)
PARAMETER	com.bumptech.glide.load.engine.bitmap_recycle.LruPoolStrategy	logBitmap(int,int,android.graphics.Bitmap.Config)	config	2	file:///home/nima/Developer/AutoFixer/Evaluation/Projects/glide/library/src/main/java/com/bumptech/glide/load/engine/bitmap_recycle/LruPoolStrategy.java	PASS_NULLABLE	androidx.annotation.Nullable	com.bumptech.glide.load.engine.bitmap_recycle.LruBitmapPool	getDirtyOrNull(int,int,android.graphics.Bitmap.Config)
PARAMETER	com.bumptech.glide.load.engine.bitmap_recycle.LruPoolStrategy	logBitmap(int,int,android.graphics.Bitmap.Config)	config	2	file:///home/nima/Developer/AutoFixer/Evaluation/Projects/glide/library/src/main/java/com/bumptech/glide/load/engine/bitmap_recycle/LruPoolStrategy.java	PASS_NULLABLE	androidx.annotation.Nullable	com.bumptech.glide.load.engine.bitmap_recycle.LruBitmapPool	getDirtyOrNull(int,int,android.graphics.Bitmap.Config)
FIELD	com.bumptech.glide.load.engine.bitmap_recycle.SizeConfigStrategy.Key	null	config	null	file:///home/nima/Developer/AutoFixer/Evaluation/Projects/glide/library/src/main/java/com/bumptech/glide/load/engine/bitmap_recycle/SizeConfigStrategy.java	METHOD_NO_INIT	androidx.annotation.Nullable	com.bumptech.glide.load.engine.bitmap_recycle.SizeConfigStrategy	null
PARAMETER	com.bumptech.glide.load.engine.bitmap_recycle.LruArrayPool	<T>getAdapterFromObject(T)	object	0	file:///home/nima/Developer/AutoFixer/Evaluation/Projects/glide/library/src/main/java/com/bumptech/glide/load/engine/bitmap_recycle/LruArrayPool.java	PASS_NULLABLE	androidx.annotation.Nullable	com.bumptech.glide.load.engine.bitmap_recycle.LruArrayPool	evictToSize(int)
PARAMETER	com.bumptech.glide.load.engine.bitmap_recycle.ArrayAdapterInterface	getArrayLength(T)	array	0	file:///home/nima/Developer/AutoFixer/Evaluation/Projects/glide/library/src/main/java/com/bumptech/glide/load/engine/bitmap_recycle/ArrayAdapterInterface.java	PASS_NULLABLE	androidx.annotation.Nullable	com.bumptech.glide.load.engine.bitmap_recycle.LruArrayPool	evictToSize(int)
PARAMETER	com.bumptech.glide.load.engine.bitmap_recycle.ArrayAdapterInterface	getArrayLength(T)	array	0	file:///home/nima/Developer/AutoFixer/Evaluation/Projects/glide/library/src/main/java/com/bumptech/glide/load/engine/bitmap_recycle/ArrayAdapterInterface.java	PASS_NULLABLE	androidx.annotation.Nullable	com.bumptech.glide.load.engine.bitmap_recycle.LruArrayPool	evictToSize(int)
FIELD	com.bumptech.glide.load.engine.bitmap_recycle.LruArrayPool.Key	null	arrayClass	null	file:///home/nima/Developer/AutoFixer/Evaluation/Projects/glide/library/src/main/java/com/bumptech/glide/load/engine/bitmap_recycle/LruArrayPool.java	METHOD_NO_INIT	androidx.annotation.Nullable	com.bumptech.glide.load.engine.bitmap_recycle.LruArrayPool	null
FIELD	com.bumptech.glide.load.data.LocalUriFetcher	null	data	null	file:///home/nima/Developer/AutoFixer/Evaluation/Projects/glide/library/src/main/java/com/bumptech/glide/load/data/LocalUriFetcher.java	METHOD_NO_INIT	androidx.annotation.Nullable	com.bumptech.glide.load.data.LocalUriFetcher	null
FIELD	com.bumptech.glide.load.data.AssetPathFetcher	null	data	null	file:///home/nima/Developer/AutoFixer/Evaluation/Projects/glide/library/src/main/java/com/bumptech/glide/load/data/AssetPathFetcher.java	METHOD_NO_INIT	androidx.annotation.Nullable	com.bumptech.glide.load.data.AssetPathFetcher	null
FIELD	com.bumptech.glide.load.data.HttpUrlFetcher	null	urlConnection	null	file:///home/nima/Developer/AutoFixer/Evaluation/Projects/glide/library/src/main/java/com/bumptech/glide/load/data/HttpUrlFetcher.java	METHOD_NO_INIT	androidx.annotation.Nullable	com.bumptech.glide.load.data.HttpUrlFetcher	null
FIELD	com.bumptech.glide.load.data.HttpUrlFetcher	null	stream	null	file:///home/nima/Developer/AutoFixer/Evaluation/Projects/glide/library/src/main/java/com/bumptech/glide/load/data/HttpUrlFetcher.java	METHOD_NO_INIT	androidx.annotation.Nullable	com.bumptech.glide.load.data.HttpUrlFetcher	null
PARAMETER	com.bumptech.glide.load.data.HttpUrlFetcher	loadDataWithRedirects(java.net.URL,int,java.net.URL,java.util.Map<java.lang.String,java.lang.String>)	lastUrl	2	file:///home/nima/Developer/AutoFixer/Evaluation/Projects/glide/library/src/main/java/com/bumptech/glide/load/data/HttpUrlFetcher.java	PASS_NULLABLE	androidx.annotation.Nullable	com.bumptech.glide.load.data.HttpUrlFetcher	loadData(com.bumptech.glide.Priority,com.bumptech.glide.load.data.DataFetcher.DataCallback<? super java.io.InputStream>)
METHOD	com.bumptech.glide.load.data.HttpUrlFetcher	loadDataWithRedirects(java.net.URL,int,java.net.URL,java.util.Map<java.lang.String,java.lang.String>)	null	null	file:///home/nima/Developer/AutoFixer/Evaluation/Projects/glide/library/src/main/java/com/bumptech/glide/load/data/HttpUrlFetcher.java	RETURN_NULLABLE	androidx.annotation.Nullable	com.bumptech.glide.load.data.HttpUrlFetcher	loadDataWithRedirects(java.net.URL,int,java.net.URL,java.util.Map<java.lang.String,java.lang.String>)
FIELD	com.bumptech.glide.load.data.HttpUrlFetcher	null	urlConnection	null	file:///home/nima/Developer/AutoFixer/Evaluation/Projects/glide/library/src/main/java/com/bumptech/glide/load/data/HttpUrlFetcher.java	ASSIGN_FIELD_NULLABLE	androidx.annotation.Nullable	com.bumptech.glide.load.data.HttpUrlFetcher	cleanup()
METHOD	com.bumptech.glide.load.data.mediastore.ThumbnailStreamOpener	open(android.net.Uri)	null	null	file:///home/nima/Developer/AutoFixer/Evaluation/Projects/glide/library/src/main/java/com/bumptech/glide/load/data/mediastore/ThumbnailStreamOpener.java	RETURN_NULLABLE	androidx.annotation.Nullable	com.bumptech.glide.load.data.mediastore.ThumbnailStreamOpener	open(android.net.Uri)
METHOD	com.bumptech.glide.load.data.mediastore.ThumbnailStreamOpener	open(android.net.Uri)	null	null	file:///home/nima/Developer/AutoFixer/Evaluation/Projects/glide/library/src/main/java/com/bumptech/glide/load/data/mediastore/ThumbnailStreamOpener.java	RETURN_NULLABLE	androidx.annotation.Nullable	com.bumptech.glide.load.data.mediastore.ThumbnailStreamOpener	open(android.net.Uri)
FIELD	com.bumptech.glide.load.data.mediastore.ThumbFetcher	null	inputStream	null	file:///home/nima/Developer/AutoFixer/Evaluation/Projects/glide/library/src/main/java/com/bumptech/glide/load/data/mediastore/ThumbFetcher.java	METHOD_NO_INIT	androidx.annotation.Nullable	com.bumptech.glide.load.data.mediastore.ThumbFetcher	null
FIELD	com.bumptech.glide.load.data.BufferedOutputStream	null	buffer	null	file:///home/nima/Developer/AutoFixer/Evaluation/Projects/glide/library/src/main/java/com/bumptech/glide/load/data/BufferedOutputStream.java	ASSIGN_FIELD_NULLABLE	androidx.annotation.Nullable	com.bumptech.glide.load.data.BufferedOutputStream	release()
FIELD	com.bumptech.glide.util.pool.GlideTrace	null	COOKIE_CREATOR	null	file:///home/nima/Developer/AutoFixer/Evaluation/Projects/glide/library/src/main/java/com/bumptech/glide/util/pool/GlideTrace.java	ASSIGN_FIELD_NULLABLE	androidx.annotation.Nullable	com.bumptech.glide.util.pool.GlideTrace	null
FIELD	com.bumptech.glide.util.ViewPreloadSizeProvider	null	size	null	file:///home/nima/Developer/AutoFixer/Evaluation/Projects/glide/library/src/main/java/com/bumptech/glide/util/ViewPreloadSizeProvider.java	METHOD_NO_INIT	androidx.annotation.Nullable	com.bumptech.glide.util.ViewPreloadSizeProvider	null
FIELD	com.bumptech.glide.util.ViewPreloadSizeProvider	null	viewTarget	null	file:///home/nima/Developer/AutoFixer/Evaluation/Projects/glide/library/src/main/java/com/bumptech/glide/util/ViewPreloadSizeProvider.java	METHOD_NO_INIT	androidx.annotation.Nullable	com.bumptech.glide.util.ViewPreloadSizeProvider	null
FIELD	com.bumptech.glide.util.ViewPreloadSizeProvider	null	size	null	file:///home/nima/Developer/AutoFixer/Evaluation/Projects/glide/library/src/main/java/com/bumptech/glide/util/ViewPreloadSizeProvider.java	METHOD_NO_INIT	androidx.annotation.Nullable	com.bumptech.glide.util.ViewPreloadSizeProvider	null
FIELD	com.bumptech.glide.util.ViewPreloadSizeProvider	null	viewTarget	null	file:///home/nima/Developer/AutoFixer/Evaluation/Projects/glide/library/src/main/java/com/bumptech/glide/util/ViewPreloadSizeProvider.java	ASSIGN_FIELD_NULLABLE	androidx.annotation.Nullable	com.bumptech.glide.util.ViewPreloadSizeProvider	onSizeReady(int,int)
FIELD	com.bumptech.glide.util.ExceptionCatchingInputStream	null	wrapped	null	file:///home/nima/Developer/AutoFixer/Evaluation/Projects/glide/library/src/main/java/com/bumptech/glide/util/ExceptionCatchingInputStream.java	METHOD_NO_INIT	androidx.annotation.Nullable	com.bumptech.glide.util.ExceptionCatchingInputStream	null
FIELD	com.bumptech.glide.util.ExceptionCatchingInputStream	null	exception	null	file:///home/nima/Developer/AutoFixer/Evaluation/Projects/glide/library/src/main/java/com/bumptech/glide/util/ExceptionCatchingInputStream.java	METHOD_NO_INIT	androidx.annotation.Nullable	com.bumptech.glide.util.ExceptionCatchingInputStream	null
FIELD	com.bumptech.glide.util.ExceptionCatchingInputStream	null	exception	null	file:///home/nima/Developer/AutoFixer/Evaluation/Projects/glide/library/src/main/java/com/bumptech/glide/util/ExceptionCatchingInputStream.java	ASSIGN_FIELD_NULLABLE	androidx.annotation.Nullable	com.bumptech.glide.util.ExceptionCatchingInputStream	release()
FIELD	com.bumptech.glide.util.ExceptionCatchingInputStream	null	wrapped	null	file:///home/nima/Developer/AutoFixer/Evaluation/Projects/glide/library/src/main/java/com/bumptech/glide/util/ExceptionCatchingInputStream.java	ASSIGN_FIELD_NULLABLE	androidx.annotation.Nullable	com.bumptech.glide.util.ExceptionCatchingInputStream	release()
FIELD	com.bumptech.glide.manager.SingletonConnectivityReceiver	null	instance	null	file:///home/nima/Developer/AutoFixer/Evaluation/Projects/glide/library/src/main/java/com/bumptech/glide/manager/SingletonConnectivityReceiver.java	FIELD_NO_INIT	androidx.annotation.Nullable	com.bumptech.glide.manager.SingletonConnectivityReceiver	null
FIELD	com.bumptech.glide.manager.SingletonConnectivityReceiver	null	instance	null	file:///home/nima/Developer/AutoFixer/Evaluation/Projects/glide/library/src/main/java/com/bumptech/glide/manager/SingletonConnectivityReceiver.java	ASSIGN_FIELD_NULLABLE	androidx.annotation.Nullable	com.bumptech.glide.manager.SingletonConnectivityReceiver	reset()
FIELD	com.bumptech.glide.request.ErrorRequestCoordinator	null	primary	null	file:///home/nima/Developer/AutoFixer/Evaluation/Projects/glide/library/src/main/java/com/bumptech/glide/request/ErrorRequestCoordinator.java	METHOD_NO_INIT	androidx.annotation.Nullable	com.bumptech.glide.request.ErrorRequestCoordinator	null
FIELD	com.bumptech.glide.request.ErrorRequestCoordinator	null	error	null	file:///home/nima/Developer/AutoFixer/Evaluation/Projects/glide/library/src/main/java/com/bumptech/glide/request/ErrorRequestCoordinator.java	METHOD_NO_INIT	androidx.annotation.Nullable	com.bumptech.glide.request.ErrorRequestCoordinator	null
PARAMETER	com.bumptech.glide.request.target.ImageViewTarget	setDrawable(android.graphics.drawable.Drawable)	drawable	0	file:///home/nima/Developer/AutoFixer/Evaluation/Projects/glide/library/src/main/java/com/bumptech/glide/request/target/ImageViewTarget.java	PASS_NULLABLE	androidx.annotation.Nullable	com.bumptech.glide.request.target.ImageViewTarget	onLoadStarted(android.graphics.drawable.Drawable)
PARAMETER	com.bumptech.glide.request.target.ImageViewTarget	setDrawable(android.graphics.drawable.Drawable)	drawable	0	file:///home/nima/Developer/AutoFixer/Evaluation/Projects/glide/library/src/main/java/com/bumptech/glide/request/target/ImageViewTarget.java	PASS_NULLABLE	androidx.annotation.Nullable	com.bumptech.glide.request.target.ImageViewTarget	onLoadFailed(android.graphics.drawable.Drawable)
PARAMETER	com.bumptech.glide.request.target.ImageViewTarget	setDrawable(android.graphics.drawable.Drawable)	drawable	0	file:///home/nima/Developer/AutoFixer/Evaluation/Projects/glide/library/src/main/java/com/bumptech/glide/request/target/ImageViewTarget.java	PASS_NULLABLE	androidx.annotation.Nullable	com.bumptech.glide.request.target.ImageViewTarget	onLoadCleared(android.graphics.drawable.Drawable)
PARAMETER	com.bumptech.glide.request.target.BitmapImageViewTarget	setResource(android.graphics.Bitmap)	resource	0	file:///home/nima/Developer/AutoFixer/Evaluation/Projects/glide/library/src/main/java/com/bumptech/glide/request/target/BitmapImageViewTarget.java	WRONG_OVERRIDE_PARAM	androidx.annotation.Nullable	com.bumptech.glide.request.target.BitmapImageViewTarget	setResource(android.graphics.Bitmap)
PARAMETER	com.bumptech.glide.request.target.NotificationTarget	NotificationTarget(android.content.Context,int,android.widget.RemoteViews,android.app.Notification,int,java.lang.String)	notificationTag	5	file:///home/nima/Developer/AutoFixer/Evaluation/Projects/glide/library/src/main/java/com/bumptech/glide/request/target/NotificationTarget.java	PASS_NULLABLE	androidx.annotation.Nullable	com.bumptech.glide.request.target.NotificationTarget	NotificationTarget(android.content.Context,int,android.widget.RemoteViews,android.app.Notification,int)
PARAMETER	com.bumptech.glide.request.target.ThumbnailImageViewTarget	getDrawable(T)	resource	0	file:///home/nima/Developer/AutoFixer/Evaluation/Projects/glide/library/src/main/java/com/bumptech/glide/request/target/ThumbnailImageViewTarget.java	PASS_NULLABLE	androidx.annotation.Nullable	com.bumptech.glide.request.target.ThumbnailImageViewTarget	setResource(T)
FIELD	com.bumptech.glide.request.target.AppWidgetTarget	null	componentName	null	file:///home/nima/Developer/AutoFixer/Evaluation/Projects/glide/library/src/main/java/com/bumptech/glide/request/target/AppWidgetTarget.java	ASSIGN_FIELD_NULLABLE	androidx.annotation.Nullable	com.bumptech.glide.request.target.AppWidgetTarget	AppWidgetTarget(android.content.Context,int,int,int,android.widget.RemoteViews,int...)
FIELD	com.bumptech.glide.request.target.AppWidgetTarget	null	widgetIds	null	file:///home/nima/Developer/AutoFixer/Evaluation/Projects/glide/library/src/main/java/com/bumptech/glide/request/target/AppWidgetTarget.java	ASSIGN_FIELD_NULLABLE	androidx.annotation.Nullable	com.bumptech.glide.request.target.AppWidgetTarget	AppWidgetTarget(android.content.Context,int,int,int,android.widget.RemoteViews,android.content.ComponentName)
FIELD	com.bumptech.glide.request.transition.ViewAnimationFactory	null	transition	null	file:///home/nima/Developer/AutoFixer/Evaluation/Projects/glide/library/src/main/java/com/bumptech/glide/request/transition/ViewAnimationFactory.java	METHOD_NO_INIT	androidx.annotation.Nullable	com.bumptech.glide.request.transition.ViewAnimationFactory	null
FIELD	com.bumptech.glide.request.transition.ViewPropertyAnimationFactory	null	animation	null	file:///home/nima/Developer/AutoFixer/Evaluation/Projects/glide/library/src/main/java/com/bumptech/glide/request/transition/ViewPropertyAnimationFactory.java	METHOD_NO_INIT	androidx.annotation.Nullable	com.bumptech.glide.request.transition.ViewPropertyAnimationFactory	null
FIELD	com.bumptech.glide.request.ThumbnailRequestCoordinator	null	full	null	file:///home/nima/Developer/AutoFixer/Evaluation/Projects/glide/library/src/main/java/com/bumptech/glide/request/ThumbnailRequestCoordinator.java	METHOD_NO_INIT	androidx.annotation.Nullable	com.bumptech.glide.request.ThumbnailRequestCoordinator	null
FIELD	com.bumptech.glide.request.ThumbnailRequestCoordinator	null	thumb	null	file:///home/nima/Developer/AutoFixer/Evaluation/Projects/glide/library/src/main/java/com/bumptech/glide/request/ThumbnailRequestCoordinator.java	METHOD_NO_INIT	androidx.annotation.Nullable	com.bumptech.glide.request.ThumbnailRequestCoordinator	null
FIELD	com.bumptech.glide.request.SingleRequest	null	resource	null	file:///home/nima/Developer/AutoFixer/Evaluation/Projects/glide/library/src/main/java/com/bumptech/glide/request/SingleRequest.java	METHOD_NO_INIT	androidx.annotation.Nullable	com.bumptech.glide.request.SingleRequest	null
FIELD	com.bumptech.glide.request.SingleRequest	null	loadStatus	null	file:///home/nima/Developer/AutoFixer/Evaluation/Projects/glide/library/src/main/java/com/bumptech/glide/request/SingleRequest.java	METHOD_NO_INIT	androidx.annotation.Nullable	com.bumptech.glide.request.SingleRequest	null
FIELD	com.bumptech.glide.request.SingleRequest	null	loadStatus	null	file:///home/nima/Developer/AutoFixer/Evaluation/Projects/glide/library/src/main/java/com/bumptech/glide/request/SingleRequest.java	ASSIGN_FIELD_NULLABLE	androidx.annotation.Nullable	com.bumptech.glide.request.SingleRequest	cancel()
FIELD	com.bumptech.glide.request.SingleRequest	null	resource	null	file:///home/nima/Developer/AutoFixer/Evaluation/Projects/glide/library/src/main/java/com/bumptech/glide/request/SingleRequest.java	ASSIGN_FIELD_NULLABLE	androidx.annotation.Nullable	com.bumptech.glide.request.SingleRequest	clear()
METHOD	com.bumptech.glide.request.SingleRequest	getErrorDrawable()	null	null	file:///home/nima/Developer/AutoFixer/Evaluation/Projects/glide/library/src/main/java/com/bumptech/glide/request/SingleRequest.java	RETURN_NULLABLE	androidx.annotation.Nullable	com.bumptech.glide.request.SingleRequest	getErrorDrawable()
METHOD	com.bumptech.glide.request.SingleRequest	getPlaceholderDrawable()	null	null	file:///home/nima/Developer/AutoFixer/Evaluation/Projects/glide/library/src/main/java/com/bumptech/glide/request/SingleRequest.java	RETURN_NULLABLE	androidx.annotation.Nullable	com.bumptech.glide.request.SingleRequest	getPlaceholderDrawable()
METHOD	com.bumptech.glide.request.SingleRequest	getFallbackDrawable()	null	null	file:///home/nima/Developer/AutoFixer/Evaluation/Projects/glide/library/src/main/java/com/bumptech/glide/request/SingleRequest.java	RETURN_NULLABLE	androidx.annotation.Nullable	com.bumptech.glide.request.SingleRequest	getFallbackDrawable()
PARAMETER	com.bumptech.glide.load.engine.Engine	<R>load(com.bumptech.glide.GlideContext,java.lang.Object,com.bumptech.glide.load.Key,int,int,java.lang.Class<?>,java.lang.Class<R>,com.bumptech.glide.Priority,com.bumptech.glide.load.engine.DiskCacheStrategy,java.util.Map<java.lang.Class<?>,com.bumptech.glide.load.Transformation<?>>,boolean,boolean,com.bumptech.glide.load.Options,boolean,boolean,boolean,boolean,com.bumptech.glide.request.ResourceCallback,java.util.concurrent.Executor)	model	1	file:///home/nima/Developer/AutoFixer/Evaluation/Projects/glide/library/src/main/java/com/bumptech/glide/load/engine/Engine.java	PASS_NULLABLE	androidx.annotation.Nullable	com.bumptech.glide.request.SingleRequest	onSizeReady(int,int)
FIELD	com.bumptech.glide.request.SingleRequest	null	loadStatus	null	file:///home/nima/Developer/AutoFixer/Evaluation/Projects/glide/library/src/main/java/com/bumptech/glide/request/SingleRequest.java	ASSIGN_FIELD_NULLABLE	androidx.annotation.Nullable	com.bumptech.glide.request.SingleRequest	onSizeReady(int,int)
FIELD	com.bumptech.glide.request.SingleRequest	null	loadStatus	null	file:///home/nima/Developer/AutoFixer/Evaluation/Projects/glide/library/src/main/java/com/bumptech/glide/request/SingleRequest.java	ASSIGN_FIELD_NULLABLE	androidx.annotation.Nullable	com.bumptech.glide.request.SingleRequest	onResourceReady(com.bumptech.glide.load.engine.Resource<?>,com.bumptech.glide.load.DataSource,boolean)
FIELD	com.bumptech.glide.request.SingleRequest	null	resource	null	file:///home/nima/Developer/AutoFixer/Evaluation/Projects/glide/library/src/main/java/com/bumptech/glide/request/SingleRequest.java	ASSIGN_FIELD_NULLABLE	androidx.annotation.Nullable	com.bumptech.glide.request.SingleRequest	onResourceReady(com.bumptech.glide.load.engine.Resource<?>,com.bumptech.glide.load.DataSource,boolean)
FIELD	com.bumptech.glide.request.SingleRequest	null	resource	null	file:///home/nima/Developer/AutoFixer/Evaluation/Projects/glide/library/src/main/java/com/bumptech/glide/request/SingleRequest.java	ASSIGN_FIELD_NULLABLE	androidx.annotation.Nullable	com.bumptech.glide.request.SingleRequest	onResourceReady(com.bumptech.glide.load.engine.Resource<?>,com.bumptech.glide.load.DataSource,boolean)
PARAMETER	com.bumptech.glide.request.RequestListener	onResourceReady(R,java.lang.Object,com.bumptech.glide.request.target.Target<R>,com.bumptech.glide.load.DataSource,boolean)	model	1	file:///home/nima/Developer/AutoFixer/Evaluation/Projects/glide/library/src/main/java/com/bumptech/glide/request/RequestListener.java	PASS_NULLABLE	androidx.annotation.Nullable	com.bumptech.glide.request.SingleRequest	onResourceReady(com.bumptech.glide.load.engine.Resource<R>,R,com.bumptech.glide.load.DataSource,boolean)
PARAMETER	com.bumptech.glide.request.RequestListener	onResourceReady(R,java.lang.Object,com.bumptech.glide.request.target.Target<R>,com.bumptech.glide.load.DataSource,boolean)	model	1	file:///home/nima/Developer/AutoFixer/Evaluation/Projects/glide/library/src/main/java/com/bumptech/glide/request/RequestListener.java	PASS_NULLABLE	androidx.annotation.Nullable	com.bumptech.glide.request.SingleRequest	onResourceReady(com.bumptech.glide.load.engine.Resource<R>,R,com.bumptech.glide.load.DataSource,boolean)
FIELD	com.bumptech.glide.request.SingleRequest	null	loadStatus	null	file:///home/nima/Developer/AutoFixer/Evaluation/Projects/glide/library/src/main/java/com/bumptech/glide/request/SingleRequest.java	ASSIGN_FIELD_NULLABLE	androidx.annotation.Nullable	com.bumptech.glide.request.SingleRequest	onLoadFailed(com.bumptech.glide.load.engine.GlideException,int)
PARAMETER	com.bumptech.glide.request.RequestListener	onLoadFailed(com.bumptech.glide.load.engine.GlideException,java.lang.Object,com.bumptech.glide.request.target.Target<R>,boolean)	model	1	file:///home/nima/Developer/AutoFixer/Evaluation/Projects/glide/library/src/main/java/com/bumptech/glide/request/RequestListener.java	PASS_NULLABLE	androidx.annotation.Nullable	com.bumptech.glide.request.SingleRequest	onLoadFailed(com.bumptech.glide.load.engine.GlideException,int)
PARAMETER	com.bumptech.glide.request.RequestListener	onLoadFailed(com.bumptech.glide.load.engine.GlideException,java.lang.Object,com.bumptech.glide.request.target.Target<R>,boolean)	model	1	file:///home/nima/Developer/AutoFixer/Evaluation/Projects/glide/library/src/main/java/com/bumptech/glide/request/RequestListener.java	PASS_NULLABLE	androidx.annotation.Nullable	com.bumptech.glide.request.SingleRequest	onLoadFailed(com.bumptech.glide.load.engine.GlideException,int)
PARAMETER	com.bumptech.glide.request.RequestFutureTarget	doGet(java.lang.Long)	timeoutMillis	0	file:///home/nima/Developer/AutoFixer/Evaluation/Projects/glide/library/src/main/java/com/bumptech/glide/request/RequestFutureTarget.java	PASS_NULLABLE	androidx.annotation.Nullable	com.bumptech.glide.request.RequestFutureTarget	get()
METHOD	com.bumptech.glide.request.RequestFutureTarget	doGet(java.lang.Long)	null	null	file:///home/nima/Developer/AutoFixer/Evaluation/Projects/glide/library/src/main/java/com/bumptech/glide/request/RequestFutureTarget.java	RETURN_NULLABLE	androidx.annotation.Nullable	com.bumptech.glide.request.RequestFutureTarget	doGet(java.lang.Long)
METHOD	com.bumptech.glide.request.RequestFutureTarget	doGet(java.lang.Long)	null	null	file:///home/nima/Developer/AutoFixer/Evaluation/Projects/glide/library/src/main/java/com/bumptech/glide/request/RequestFutureTarget.java	RETURN_NULLABLE	androidx.annotation.Nullable	com.bumptech.glide.request.RequestFutureTarget	doGet(java.lang.Long)
